seed,generation,graph_size,max_size,environment,solver,run_id
1,799,30.0,68,halfcheetah,cgp,r9x89ucm
5,1699,35.0,68,halfcheetah,cgp,r9x89ucm
7,3999,29.0,68,halfcheetah,cgp,r9x89ucm
6,4399,28.0,68,halfcheetah,cgp,r9x89ucm
3,3199,34.0,68,halfcheetah,cgp,r9x89ucm
6,4199,44.0,68,halfcheetah,cgp,r9x89ucm
2,3799,31.0,68,halfcheetah,cgp,r9x89ucm
6,499,43.0,68,halfcheetah,cgp,r9x89ucm
2,4899,47.0,68,halfcheetah,cgp,r9x89ucm
8,3199,54.0,68,halfcheetah,cgp,r9x89ucm
4,3599,34.0,68,halfcheetah,cgp,r9x89ucm
5,799,41.0,68,halfcheetah,cgp,r9x89ucm
8,799,33.0,68,halfcheetah,cgp,r9x89ucm
4,699,39.0,68,halfcheetah,cgp,r9x89ucm
8,1499,35.0,68,halfcheetah,cgp,r9x89ucm
9,3199,24.0,68,halfcheetah,cgp,r9x89ucm
3,3699,46.0,68,halfcheetah,cgp,r9x89ucm
5,4299,27.0,68,halfcheetah,cgp,r9x89ucm
4,2999,46.0,68,halfcheetah,cgp,r9x89ucm
1,2999,42.0,68,halfcheetah,cgp,r9x89ucm
1,3699,31.0,68,halfcheetah,cgp,r9x89ucm
9,399,34.0,68,halfcheetah,cgp,r9x89ucm
2,3899,39.0,68,halfcheetah,cgp,r9x89ucm
8,399,37.0,68,halfcheetah,cgp,r9x89ucm
8,3599,47.0,68,halfcheetah,cgp,r9x89ucm
4,1499,37.0,68,halfcheetah,cgp,r9x89ucm
0,4399,48.0,68,halfcheetah,cgp,r9x89ucm
8,4599,49.0,68,halfcheetah,cgp,r9x89ucm
3,4599,37.0,68,halfcheetah,cgp,r9x89ucm
9,4399,35.0,68,halfcheetah,cgp,r9x89ucm
3,699,35.0,68,halfcheetah,cgp,r9x89ucm
7,1399,43.0,68,halfcheetah,cgp,r9x89ucm
4,2699,37.0,68,halfcheetah,cgp,r9x89ucm
0,3099,51.0,68,halfcheetah,cgp,r9x89ucm
7,1899,46.0,68,halfcheetah,cgp,r9x89ucm
1,3499,44.0,68,halfcheetah,cgp,r9x89ucm
1,3399,39.0,68,halfcheetah,cgp,r9x89ucm
9,2499,48.0,68,halfcheetah,cgp,r9x89ucm
6,1599,34.0,68,halfcheetah,cgp,r9x89ucm
6,3499,46.0,68,halfcheetah,cgp,r9x89ucm
8,4499,50.0,68,halfcheetah,cgp,r9x89ucm
8,1899,41.0,68,halfcheetah,cgp,r9x89ucm
6,3599,43.0,68,halfcheetah,cgp,r9x89ucm
6,3199,40.0,68,halfcheetah,cgp,r9x89ucm
1,1899,46.0,68,halfcheetah,cgp,r9x89ucm
8,4699,40.0,68,halfcheetah,cgp,r9x89ucm
8,2599,36.0,68,halfcheetah,cgp,r9x89ucm
0,599,35.0,68,halfcheetah,cgp,r9x89ucm
4,1299,41.0,68,halfcheetah,cgp,r9x89ucm
7,2399,32.0,68,halfcheetah,cgp,r9x89ucm
2,2999,31.0,68,halfcheetah,cgp,r9x89ucm
6,99,37.0,68,halfcheetah,cgp,r9x89ucm
5,2099,31.0,68,halfcheetah,cgp,r9x89ucm
5,899,26.0,68,halfcheetah,cgp,r9x89ucm
1,199,42.0,68,halfcheetah,cgp,r9x89ucm
4,399,40.0,68,halfcheetah,cgp,r9x89ucm
8,999,42.0,68,halfcheetah,cgp,r9x89ucm
2,2099,44.0,68,halfcheetah,cgp,r9x89ucm
7,199,40.0,68,halfcheetah,cgp,r9x89ucm
9,2099,40.0,68,halfcheetah,cgp,r9x89ucm
3,3499,48.0,68,halfcheetah,cgp,r9x89ucm
0,3799,42.0,68,halfcheetah,cgp,r9x89ucm
9,2199,39.0,68,halfcheetah,cgp,r9x89ucm
4,3199,46.0,68,halfcheetah,cgp,r9x89ucm
1,4299,45.0,68,halfcheetah,cgp,r9x89ucm
5,2799,32.0,68,halfcheetah,cgp,r9x89ucm
5,2899,36.0,68,halfcheetah,cgp,r9x89ucm
2,4099,25.0,68,halfcheetah,cgp,r9x89ucm
0,2099,41.0,68,halfcheetah,cgp,r9x89ucm
3,2499,40.0,68,halfcheetah,cgp,r9x89ucm
3,3799,40.0,68,halfcheetah,cgp,r9x89ucm
7,399,39.0,68,halfcheetah,cgp,r9x89ucm
0,2799,41.0,68,halfcheetah,cgp,r9x89ucm
0,1199,43.0,68,halfcheetah,cgp,r9x89ucm
4,3699,50.0,68,halfcheetah,cgp,r9x89ucm
0,1699,38.0,68,halfcheetah,cgp,r9x89ucm
8,2799,38.0,68,halfcheetah,cgp,r9x89ucm
2,4999,36.0,68,halfcheetah,cgp,r9x89ucm
7,2199,43.0,68,halfcheetah,cgp,r9x89ucm
8,1099,39.0,68,halfcheetah,cgp,r9x89ucm
2,199,37.0,68,halfcheetah,cgp,r9x89ucm
5,3399,33.0,68,halfcheetah,cgp,r9x89ucm
1,3999,41.0,68,halfcheetah,cgp,r9x89ucm
9,1399,29.0,68,halfcheetah,cgp,r9x89ucm
6,1999,27.0,68,halfcheetah,cgp,r9x89ucm
4,299,44.0,68,halfcheetah,cgp,r9x89ucm
3,1999,40.0,68,halfcheetah,cgp,r9x89ucm
4,599,45.0,68,halfcheetah,cgp,r9x89ucm
6,199,41.0,68,halfcheetah,cgp,r9x89ucm
6,3799,47.0,68,halfcheetah,cgp,r9x89ucm
9,1799,47.0,68,halfcheetah,cgp,r9x89ucm
0,1299,52.0,68,halfcheetah,cgp,r9x89ucm
0,99,39.0,68,halfcheetah,cgp,r9x89ucm
4,4999,34.0,68,halfcheetah,cgp,r9x89ucm
4,4799,42.0,68,halfcheetah,cgp,r9x89ucm
6,1699,39.0,68,halfcheetah,cgp,r9x89ucm
6,4999,38.0,68,halfcheetah,cgp,r9x89ucm
5,2599,35.0,68,halfcheetah,cgp,r9x89ucm
6,4299,41.0,68,halfcheetah,cgp,r9x89ucm
7,4399,41.0,68,halfcheetah,cgp,r9x89ucm
3,99,22.0,68,halfcheetah,cgp,r9x89ucm
8,1299,45.0,68,halfcheetah,cgp,r9x89ucm
5,4099,38.0,68,halfcheetah,cgp,r9x89ucm
9,2799,38.0,68,halfcheetah,cgp,r9x89ucm
0,1099,39.0,68,halfcheetah,cgp,r9x89ucm
0,1899,41.0,68,halfcheetah,cgp,r9x89ucm
3,799,45.0,68,halfcheetah,cgp,r9x89ucm
2,4199,38.0,68,halfcheetah,cgp,r9x89ucm
4,99,35.0,68,halfcheetah,cgp,r9x89ucm
1,4399,37.0,68,halfcheetah,cgp,r9x89ucm
5,299,33.0,68,halfcheetah,cgp,r9x89ucm
1,1499,37.0,68,halfcheetah,cgp,r9x89ucm
6,2699,45.0,68,halfcheetah,cgp,r9x89ucm
9,2299,47.0,68,halfcheetah,cgp,r9x89ucm
2,799,31.0,68,halfcheetah,cgp,r9x89ucm
9,3599,41.0,68,halfcheetah,cgp,r9x89ucm
3,2199,35.0,68,halfcheetah,cgp,r9x89ucm
2,2599,42.0,68,halfcheetah,cgp,r9x89ucm
0,4699,31.0,68,halfcheetah,cgp,r9x89ucm
4,3299,45.0,68,halfcheetah,cgp,r9x89ucm
5,4799,48.0,68,halfcheetah,cgp,r9x89ucm
4,799,48.0,68,halfcheetah,cgp,r9x89ucm
6,2199,36.0,68,halfcheetah,cgp,r9x89ucm
7,2299,41.0,68,halfcheetah,cgp,r9x89ucm
8,4799,32.0,68,halfcheetah,cgp,r9x89ucm
7,3199,33.0,68,halfcheetah,cgp,r9x89ucm
4,499,50.0,68,halfcheetah,cgp,r9x89ucm
1,4799,36.0,68,halfcheetah,cgp,r9x89ucm
7,1499,40.0,68,halfcheetah,cgp,r9x89ucm
2,1699,39.0,68,halfcheetah,cgp,r9x89ucm
2,4699,44.0,68,halfcheetah,cgp,r9x89ucm
1,3199,35.0,68,halfcheetah,cgp,r9x89ucm
7,1999,33.0,68,halfcheetah,cgp,r9x89ucm
3,4499,25.0,68,halfcheetah,cgp,r9x89ucm
3,1899,32.0,68,halfcheetah,cgp,r9x89ucm
7,4299,42.0,68,halfcheetah,cgp,r9x89ucm
1,1399,43.0,68,halfcheetah,cgp,r9x89ucm
7,2999,41.0,68,halfcheetah,cgp,r9x89ucm
7,4599,35.0,68,halfcheetah,cgp,r9x89ucm
5,99,44.0,68,halfcheetah,cgp,r9x89ucm
8,4299,53.0,68,halfcheetah,cgp,r9x89ucm
4,3099,39.0,68,halfcheetah,cgp,r9x89ucm
9,3699,30.0,68,halfcheetah,cgp,r9x89ucm
2,4299,39.0,68,halfcheetah,cgp,r9x89ucm
5,2299,31.0,68,halfcheetah,cgp,r9x89ucm
1,3599,39.0,68,halfcheetah,cgp,r9x89ucm
8,4199,41.0,68,halfcheetah,cgp,r9x89ucm
3,1699,43.0,68,halfcheetah,cgp,r9x89ucm
7,2799,28.0,68,halfcheetah,cgp,r9x89ucm
7,1199,29.0,68,halfcheetah,cgp,r9x89ucm
5,699,31.0,68,halfcheetah,cgp,r9x89ucm
2,2499,42.0,68,halfcheetah,cgp,r9x89ucm
7,3599,43.0,68,halfcheetah,cgp,r9x89ucm
8,1599,37.0,68,halfcheetah,cgp,r9x89ucm
2,1499,35.0,68,halfcheetah,cgp,r9x89ucm
5,2999,39.0,68,halfcheetah,cgp,r9x89ucm
5,2499,28.0,68,halfcheetah,cgp,r9x89ucm
6,1299,43.0,68,halfcheetah,cgp,r9x89ucm
0,3699,31.0,68,halfcheetah,cgp,r9x89ucm
1,1699,32.0,68,halfcheetah,cgp,r9x89ucm
4,3499,35.0,68,halfcheetah,cgp,r9x89ucm
4,1899,40.0,68,halfcheetah,cgp,r9x89ucm
0,4999,32.0,68,halfcheetah,cgp,r9x89ucm
8,899,33.0,68,halfcheetah,cgp,r9x89ucm
0,4899,37.0,68,halfcheetah,cgp,r9x89ucm
4,1799,36.0,68,halfcheetah,cgp,r9x89ucm
8,499,34.0,68,halfcheetah,cgp,r9x89ucm
5,499,39.0,68,halfcheetah,cgp,r9x89ucm
9,1499,46.0,68,halfcheetah,cgp,r9x89ucm
1,2699,29.0,68,halfcheetah,cgp,r9x89ucm
6,4699,48.0,68,halfcheetah,cgp,r9x89ucm
0,2599,30.0,68,halfcheetah,cgp,r9x89ucm
4,4399,39.0,68,halfcheetah,cgp,r9x89ucm
3,599,48.0,68,halfcheetah,cgp,r9x89ucm
4,4099,35.0,68,halfcheetah,cgp,r9x89ucm
7,4499,37.0,68,halfcheetah,cgp,r9x89ucm
7,4899,40.0,68,halfcheetah,cgp,r9x89ucm
8,199,46.0,68,halfcheetah,cgp,r9x89ucm
6,2999,39.0,68,halfcheetah,cgp,r9x89ucm
6,1799,38.0,68,halfcheetah,cgp,r9x89ucm
2,3099,39.0,68,halfcheetah,cgp,r9x89ucm
1,1799,34.0,68,halfcheetah,cgp,r9x89ucm
7,3099,44.0,68,halfcheetah,cgp,r9x89ucm
5,3799,34.0,68,halfcheetah,cgp,r9x89ucm
5,4199,43.0,68,halfcheetah,cgp,r9x89ucm
9,4199,29.0,68,halfcheetah,cgp,r9x89ucm
2,4399,46.0,68,halfcheetah,cgp,r9x89ucm
1,4099,38.0,68,halfcheetah,cgp,r9x89ucm
8,1399,41.0,68,halfcheetah,cgp,r9x89ucm
6,4899,34.0,68,halfcheetah,cgp,r9x89ucm
5,599,37.0,68,halfcheetah,cgp,r9x89ucm
4,2399,40.0,68,halfcheetah,cgp,r9x89ucm
1,2499,35.0,68,halfcheetah,cgp,r9x89ucm
0,2699,42.0,68,halfcheetah,cgp,r9x89ucm
9,4999,51.0,68,halfcheetah,cgp,r9x89ucm
2,1899,47.0,68,halfcheetah,cgp,r9x89ucm
1,1999,38.0,68,halfcheetah,cgp,r9x89ucm
5,399,41.0,68,halfcheetah,cgp,r9x89ucm
2,3299,36.0,68,halfcheetah,cgp,r9x89ucm
9,4299,25.0,68,halfcheetah,cgp,r9x89ucm
5,3599,50.0,68,halfcheetah,cgp,r9x89ucm
9,1899,43.0,68,halfcheetah,cgp,r9x89ucm
8,2999,31.0,68,halfcheetah,cgp,r9x89ucm
6,4499,33.0,68,halfcheetah,cgp,r9x89ucm
2,299,39.0,68,halfcheetah,cgp,r9x89ucm
5,3999,44.0,68,halfcheetah,cgp,r9x89ucm
5,999,38.0,68,halfcheetah,cgp,r9x89ucm
6,3299,42.0,68,halfcheetah,cgp,r9x89ucm
6,899,42.0,68,halfcheetah,cgp,r9x89ucm
2,599,34.0,68,halfcheetah,cgp,r9x89ucm
9,3899,52.0,68,halfcheetah,cgp,r9x89ucm
4,2299,38.0,68,halfcheetah,cgp,r9x89ucm
0,1799,36.0,68,halfcheetah,cgp,r9x89ucm
4,1399,35.0,68,halfcheetah,cgp,r9x89ucm
4,2899,34.0,68,halfcheetah,cgp,r9x89ucm
1,699,42.0,68,halfcheetah,cgp,r9x89ucm
1,4699,42.0,68,halfcheetah,cgp,r9x89ucm
0,1399,43.0,68,halfcheetah,cgp,r9x89ucm
5,4599,32.0,68,halfcheetah,cgp,r9x89ucm
0,1599,44.0,68,halfcheetah,cgp,r9x89ucm
9,2899,38.0,68,halfcheetah,cgp,r9x89ucm
5,2199,31.0,68,halfcheetah,cgp,r9x89ucm
2,4499,40.0,68,halfcheetah,cgp,r9x89ucm
9,2699,46.0,68,halfcheetah,cgp,r9x89ucm
6,3999,43.0,68,halfcheetah,cgp,r9x89ucm
0,199,36.0,68,halfcheetah,cgp,r9x89ucm
7,3899,32.0,68,halfcheetah,cgp,r9x89ucm
8,3799,39.0,68,halfcheetah,cgp,r9x89ucm
1,2799,33.0,68,halfcheetah,cgp,r9x89ucm
3,4899,35.0,68,halfcheetah,cgp,r9x89ucm
9,2999,38.0,68,halfcheetah,cgp,r9x89ucm
3,2999,43.0,68,halfcheetah,cgp,r9x89ucm
0,2299,42.0,68,halfcheetah,cgp,r9x89ucm
0,3399,45.0,68,halfcheetah,cgp,r9x89ucm
8,4999,46.0,68,halfcheetah,cgp,r9x89ucm
3,4999,32.0,68,halfcheetah,cgp,r9x89ucm
8,1699,36.0,68,halfcheetah,cgp,r9x89ucm
7,99,38.0,68,halfcheetah,cgp,r9x89ucm
5,1999,42.0,68,halfcheetah,cgp,r9x89ucm
2,2299,44.0,68,halfcheetah,cgp,r9x89ucm
5,4399,44.0,68,halfcheetah,cgp,r9x89ucm
3,2399,29.0,68,halfcheetah,cgp,r9x89ucm
1,99,44.0,68,halfcheetah,cgp,r9x89ucm
6,599,40.0,68,halfcheetah,cgp,r9x89ucm
2,99,33.0,68,halfcheetah,cgp,r9x89ucm
4,199,37.0,68,halfcheetah,cgp,r9x89ucm
4,999,33.0,68,halfcheetah,cgp,r9x89ucm
7,1699,45.0,68,halfcheetah,cgp,r9x89ucm
1,4899,45.0,68,halfcheetah,cgp,r9x89ucm
1,1299,38.0,68,halfcheetah,cgp,r9x89ucm
8,3099,38.0,68,halfcheetah,cgp,r9x89ucm
4,4499,32.0,68,halfcheetah,cgp,r9x89ucm
9,899,37.0,68,halfcheetah,cgp,r9x89ucm
9,3799,46.0,68,halfcheetah,cgp,r9x89ucm
0,4299,41.0,68,halfcheetah,cgp,r9x89ucm
5,4699,27.0,68,halfcheetah,cgp,r9x89ucm
5,3699,44.0,68,halfcheetah,cgp,r9x89ucm
4,3399,33.0,68,halfcheetah,cgp,r9x89ucm
9,4899,35.0,68,halfcheetah,cgp,r9x89ucm
8,599,41.0,68,halfcheetah,cgp,r9x89ucm
4,1699,44.0,68,halfcheetah,cgp,r9x89ucm
5,1499,40.0,68,halfcheetah,cgp,r9x89ucm
0,4599,37.0,68,halfcheetah,cgp,r9x89ucm
3,4399,31.0,68,halfcheetah,cgp,r9x89ucm
8,2199,36.0,68,halfcheetah,cgp,r9x89ucm
2,1199,42.0,68,halfcheetah,cgp,r9x89ucm
0,799,46.0,68,halfcheetah,cgp,r9x89ucm
2,4799,48.0,68,halfcheetah,cgp,r9x89ucm
8,1999,36.0,68,halfcheetah,cgp,r9x89ucm
9,3999,37.0,68,halfcheetah,cgp,r9x89ucm
7,1099,50.0,68,halfcheetah,cgp,r9x89ucm
7,2599,43.0,68,halfcheetah,cgp,r9x89ucm
1,1599,42.0,68,halfcheetah,cgp,r9x89ucm
7,899,48.0,68,halfcheetah,cgp,r9x89ucm
2,399,35.0,68,halfcheetah,cgp,r9x89ucm
1,499,36.0,68,halfcheetah,cgp,r9x89ucm
6,2299,41.0,68,halfcheetah,cgp,r9x89ucm
5,3199,46.0,68,halfcheetah,cgp,r9x89ucm
9,4499,36.0,68,halfcheetah,cgp,r9x89ucm
6,3699,38.0,68,halfcheetah,cgp,r9x89ucm
0,2399,47.0,68,halfcheetah,cgp,r9x89ucm
7,3499,44.0,68,halfcheetah,cgp,r9x89ucm
9,3399,34.0,68,halfcheetah,cgp,r9x89ucm
3,1499,36.0,68,halfcheetah,cgp,r9x89ucm
6,2399,35.0,68,halfcheetah,cgp,r9x89ucm
8,3899,37.0,68,halfcheetah,cgp,r9x89ucm
1,4599,38.0,68,halfcheetah,cgp,r9x89ucm
1,399,22.0,68,halfcheetah,cgp,r9x89ucm
3,4199,32.0,68,halfcheetah,cgp,r9x89ucm
4,4599,41.0,68,halfcheetah,cgp,r9x89ucm
3,3999,40.0,68,halfcheetah,cgp,r9x89ucm
2,2899,36.0,68,halfcheetah,cgp,r9x89ucm
8,2099,40.0,68,halfcheetah,cgp,r9x89ucm
2,4599,39.0,68,halfcheetah,cgp,r9x89ucm
1,3099,36.0,68,halfcheetah,cgp,r9x89ucm
3,4299,47.0,68,halfcheetah,cgp,r9x89ucm
3,2699,33.0,68,halfcheetah,cgp,r9x89ucm
5,4999,45.0,68,halfcheetah,cgp,r9x89ucm
8,2399,38.0,68,halfcheetah,cgp,r9x89ucm
0,399,39.0,68,halfcheetah,cgp,r9x89ucm
0,3299,44.0,68,halfcheetah,cgp,r9x89ucm
3,3599,34.0,68,halfcheetah,cgp,r9x89ucm
4,1199,42.0,68,halfcheetah,cgp,r9x89ucm
6,3899,50.0,68,halfcheetah,cgp,r9x89ucm
2,699,32.0,68,halfcheetah,cgp,r9x89ucm
8,4099,37.0,68,halfcheetah,cgp,r9x89ucm
9,599,38.0,68,halfcheetah,cgp,r9x89ucm
6,1499,32.0,68,halfcheetah,cgp,r9x89ucm
2,3699,23.0,68,halfcheetah,cgp,r9x89ucm
4,3899,45.0,68,halfcheetah,cgp,r9x89ucm
6,399,43.0,68,halfcheetah,cgp,r9x89ucm
8,699,44.0,68,halfcheetah,cgp,r9x89ucm
8,299,46.0,68,halfcheetah,cgp,r9x89ucm
1,2399,34.0,68,halfcheetah,cgp,r9x89ucm
9,2599,35.0,68,halfcheetah,cgp,r9x89ucm
7,4799,34.0,68,halfcheetah,cgp,r9x89ucm
7,999,31.0,68,halfcheetah,cgp,r9x89ucm
9,699,32.0,68,halfcheetah,cgp,r9x89ucm
7,2499,44.0,68,halfcheetah,cgp,r9x89ucm
5,2699,45.0,68,halfcheetah,cgp,r9x89ucm
2,1799,50.0,68,halfcheetah,cgp,r9x89ucm
6,1099,39.0,68,halfcheetah,cgp,r9x89ucm
0,299,40.0,68,halfcheetah,cgp,r9x89ucm
6,3399,45.0,68,halfcheetah,cgp,r9x89ucm
2,2699,39.0,68,halfcheetah,cgp,r9x89ucm
7,2699,26.0,68,halfcheetah,cgp,r9x89ucm
8,2299,37.0,68,halfcheetah,cgp,r9x89ucm
3,199,32.0,68,halfcheetah,cgp,r9x89ucm
8,4399,49.0,68,halfcheetah,cgp,r9x89ucm
8,1199,33.0,68,halfcheetah,cgp,r9x89ucm
3,1299,37.0,68,halfcheetah,cgp,r9x89ucm
1,899,34.0,68,halfcheetah,cgp,r9x89ucm
1,3299,48.0,68,halfcheetah,cgp,r9x89ucm
1,2299,25.0,68,halfcheetah,cgp,r9x89ucm
8,3299,48.0,68,halfcheetah,cgp,r9x89ucm
4,2199,46.0,68,halfcheetah,cgp,r9x89ucm
6,2899,41.0,68,halfcheetah,cgp,r9x89ucm
5,3099,39.0,68,halfcheetah,cgp,r9x89ucm
6,1399,36.0,68,halfcheetah,cgp,r9x89ucm
1,3799,42.0,68,halfcheetah,cgp,r9x89ucm
8,99,41.0,68,halfcheetah,cgp,r9x89ucm
2,2799,52.0,68,halfcheetah,cgp,r9x89ucm
3,1199,32.0,68,halfcheetah,cgp,r9x89ucm
9,3299,38.0,68,halfcheetah,cgp,r9x89ucm
7,699,34.0,68,halfcheetah,cgp,r9x89ucm
2,499,45.0,68,halfcheetah,cgp,r9x89ucm
4,3799,48.0,68,halfcheetah,cgp,r9x89ucm
3,1599,46.0,68,halfcheetah,cgp,r9x89ucm
3,299,40.0,68,halfcheetah,cgp,r9x89ucm
5,4899,38.0,68,halfcheetah,cgp,r9x89ucm
7,599,45.0,68,halfcheetah,cgp,r9x89ucm
2,2399,45.0,68,halfcheetah,cgp,r9x89ucm
5,1899,43.0,68,halfcheetah,cgp,r9x89ucm
8,2899,39.0,68,halfcheetah,cgp,r9x89ucm
4,4199,34.0,68,halfcheetah,cgp,r9x89ucm
4,4299,38.0,68,halfcheetah,cgp,r9x89ucm
9,499,40.0,68,halfcheetah,cgp,r9x89ucm
3,3099,28.0,68,halfcheetah,cgp,r9x89ucm
6,4099,40.0,68,halfcheetah,cgp,r9x89ucm
5,1299,36.0,68,halfcheetah,cgp,r9x89ucm
3,499,39.0,68,halfcheetah,cgp,r9x89ucm
3,1799,37.0,68,halfcheetah,cgp,r9x89ucm
4,2099,31.0,68,halfcheetah,cgp,r9x89ucm
9,2399,36.0,68,halfcheetah,cgp,r9x89ucm
3,2099,44.0,68,halfcheetah,cgp,r9x89ucm
9,4099,40.0,68,halfcheetah,cgp,r9x89ucm
4,2599,43.0,68,halfcheetah,cgp,r9x89ucm
6,299,41.0,68,halfcheetah,cgp,r9x89ucm
3,1399,55.0,68,halfcheetah,cgp,r9x89ucm
9,999,26.0,68,halfcheetah,cgp,r9x89ucm
2,1299,40.0,68,halfcheetah,cgp,r9x89ucm
3,2299,38.0,68,halfcheetah,cgp,r9x89ucm
3,4699,30.0,68,halfcheetah,cgp,r9x89ucm
1,1199,33.0,68,halfcheetah,cgp,r9x89ucm
5,1099,39.0,68,halfcheetah,cgp,r9x89ucm
4,4899,49.0,68,halfcheetah,cgp,r9x89ucm
9,199,43.0,68,halfcheetah,cgp,r9x89ucm
2,3599,38.0,68,halfcheetah,cgp,r9x89ucm
7,1599,37.0,68,halfcheetah,cgp,r9x89ucm
6,2499,48.0,68,halfcheetah,cgp,r9x89ucm
3,3399,40.0,68,halfcheetah,cgp,r9x89ucm
2,1599,36.0,68,halfcheetah,cgp,r9x89ucm
2,1399,41.0,68,halfcheetah,cgp,r9x89ucm
0,3199,49.0,68,halfcheetah,cgp,r9x89ucm
9,3499,39.0,68,halfcheetah,cgp,r9x89ucm
5,1399,30.0,68,halfcheetah,cgp,r9x89ucm
8,3499,38.0,68,halfcheetah,cgp,r9x89ucm
1,999,37.0,68,halfcheetah,cgp,r9x89ucm
4,1999,47.0,68,halfcheetah,cgp,r9x89ucm
5,1199,41.0,68,halfcheetah,cgp,r9x89ucm
5,1799,38.0,68,halfcheetah,cgp,r9x89ucm
6,799,41.0,68,halfcheetah,cgp,r9x89ucm
3,3299,39.0,68,halfcheetah,cgp,r9x89ucm
0,4499,39.0,68,halfcheetah,cgp,r9x89ucm
0,899,37.0,68,halfcheetah,cgp,r9x89ucm
9,99,43.0,68,halfcheetah,cgp,r9x89ucm
7,3399,36.0,68,halfcheetah,cgp,r9x89ucm
4,2499,43.0,68,halfcheetah,cgp,r9x89ucm
4,1099,37.0,68,halfcheetah,cgp,r9x89ucm
9,1599,34.0,68,halfcheetah,cgp,r9x89ucm
3,4799,45.0,68,halfcheetah,cgp,r9x89ucm
9,1099,33.0,68,halfcheetah,cgp,r9x89ucm
5,1599,38.0,68,halfcheetah,cgp,r9x89ucm
4,1599,38.0,68,halfcheetah,cgp,r9x89ucm
7,499,36.0,68,halfcheetah,cgp,r9x89ucm
4,899,32.0,68,halfcheetah,cgp,r9x89ucm
4,4699,35.0,68,halfcheetah,cgp,r9x89ucm
0,499,41.0,68,halfcheetah,cgp,r9x89ucm
6,2099,28.0,68,halfcheetah,cgp,r9x89ucm
1,3899,37.0,68,halfcheetah,cgp,r9x89ucm
1,2199,43.0,68,halfcheetah,cgp,r9x89ucm
8,4899,34.0,68,halfcheetah,cgp,r9x89ucm
7,4699,48.0,68,halfcheetah,cgp,r9x89ucm
2,1099,38.0,68,halfcheetah,cgp,r9x89ucm
6,1199,40.0,68,halfcheetah,cgp,r9x89ucm
9,1699,34.0,68,halfcheetah,cgp,r9x89ucm
0,3899,38.0,68,halfcheetah,cgp,r9x89ucm
9,4799,29.0,68,halfcheetah,cgp,r9x89ucm
7,799,40.0,68,halfcheetah,cgp,r9x89ucm
3,2899,28.0,68,halfcheetah,cgp,r9x89ucm
0,3499,34.0,68,halfcheetah,cgp,r9x89ucm
1,2099,36.0,68,halfcheetah,cgp,r9x89ucm
2,3999,50.0,68,halfcheetah,cgp,r9x89ucm
0,1499,40.0,68,halfcheetah,cgp,r9x89ucm
0,999,45.0,68,halfcheetah,cgp,r9x89ucm
6,3099,39.0,68,halfcheetah,cgp,r9x89ucm
1,299,24.0,68,halfcheetah,cgp,r9x89ucm
8,2499,33.0,68,halfcheetah,cgp,r9x89ucm
5,4499,43.0,68,halfcheetah,cgp,r9x89ucm
6,4599,40.0,68,halfcheetah,cgp,r9x89ucm
0,3999,42.0,68,halfcheetah,cgp,r9x89ucm
3,1099,38.0,68,halfcheetah,cgp,r9x89ucm
0,1999,28.0,68,halfcheetah,cgp,r9x89ucm
2,2199,39.0,68,halfcheetah,cgp,r9x89ucm
5,2399,41.0,68,halfcheetah,cgp,r9x89ucm
5,3499,41.0,68,halfcheetah,cgp,r9x89ucm
1,4199,40.0,68,halfcheetah,cgp,r9x89ucm
7,4099,40.0,68,halfcheetah,cgp,r9x89ucm
2,3499,27.0,68,halfcheetah,cgp,r9x89ucm
0,3599,40.0,68,halfcheetah,cgp,r9x89ucm
8,1799,35.0,68,halfcheetah,cgp,r9x89ucm
5,3899,32.0,68,halfcheetah,cgp,r9x89ucm
8,3999,44.0,68,halfcheetah,cgp,r9x89ucm
1,2899,45.0,68,halfcheetah,cgp,r9x89ucm
0,699,32.0,68,halfcheetah,cgp,r9x89ucm
3,3899,49.0,68,halfcheetah,cgp,r9x89ucm
7,3799,34.0,68,halfcheetah,cgp,r9x89ucm
7,4199,38.0,68,halfcheetah,cgp,r9x89ucm
8,2699,42.0,68,halfcheetah,cgp,r9x89ucm
2,3399,34.0,68,halfcheetah,cgp,r9x89ucm
7,3699,42.0,68,halfcheetah,cgp,r9x89ucm
9,4599,39.0,68,halfcheetah,cgp,r9x89ucm
7,2099,37.0,68,halfcheetah,cgp,r9x89ucm
8,3699,35.0,68,halfcheetah,cgp,r9x89ucm
0,2199,50.0,68,halfcheetah,cgp,r9x89ucm
6,1899,27.0,68,halfcheetah,cgp,r9x89ucm
9,1999,40.0,68,halfcheetah,cgp,r9x89ucm
6,699,42.0,68,halfcheetah,cgp,r9x89ucm
0,2499,43.0,68,halfcheetah,cgp,r9x89ucm
0,2899,37.0,68,halfcheetah,cgp,r9x89ucm
3,899,39.0,68,halfcheetah,cgp,r9x89ucm
7,299,36.0,68,halfcheetah,cgp,r9x89ucm
9,1199,52.0,68,halfcheetah,cgp,r9x89ucm
0,4099,47.0,68,halfcheetah,cgp,r9x89ucm
0,4199,41.0,68,halfcheetah,cgp,r9x89ucm
9,1299,38.0,68,halfcheetah,cgp,r9x89ucm
2,1999,43.0,68,halfcheetah,cgp,r9x89ucm
6,999,48.0,68,halfcheetah,cgp,r9x89ucm
2,899,47.0,68,halfcheetah,cgp,r9x89ucm
7,1799,39.0,68,halfcheetah,cgp,r9x89ucm
0,2999,39.0,68,halfcheetah,cgp,r9x89ucm
8,3399,33.0,68,halfcheetah,cgp,r9x89ucm
3,2799,29.0,68,halfcheetah,cgp,r9x89ucm
1,599,30.0,68,halfcheetah,cgp,r9x89ucm
5,3299,25.0,68,halfcheetah,cgp,r9x89ucm
5,199,31.0,68,halfcheetah,cgp,r9x89ucm
3,999,42.0,68,halfcheetah,cgp,r9x89ucm
7,4999,46.0,68,halfcheetah,cgp,r9x89ucm
7,2899,41.0,68,halfcheetah,cgp,r9x89ucm
4,3999,26.0,68,halfcheetah,cgp,r9x89ucm
6,2599,47.0,68,halfcheetah,cgp,r9x89ucm
1,4499,35.0,68,halfcheetah,cgp,r9x89ucm
4,2799,36.0,68,halfcheetah,cgp,r9x89ucm
1,1099,29.0,68,halfcheetah,cgp,r9x89ucm
9,4699,30.0,68,halfcheetah,cgp,r9x89ucm
7,3299,38.0,68,halfcheetah,cgp,r9x89ucm
3,2599,38.0,68,halfcheetah,cgp,r9x89ucm
7,1299,56.0,68,halfcheetah,cgp,r9x89ucm
1,2599,37.0,68,halfcheetah,cgp,r9x89ucm
0,4799,36.0,68,halfcheetah,cgp,r9x89ucm
6,4799,44.0,68,halfcheetah,cgp,r9x89ucm
9,299,38.0,68,halfcheetah,cgp,r9x89ucm
6,2799,30.0,68,halfcheetah,cgp,r9x89ucm
2,999,46.0,68,halfcheetah,cgp,r9x89ucm
3,399,38.0,68,halfcheetah,cgp,r9x89ucm
9,3099,36.0,68,halfcheetah,cgp,r9x89ucm
3,4099,48.0,68,halfcheetah,cgp,r9x89ucm
1,4999,43.0,68,halfcheetah,cgp,r9x89ucm
9,799,45.0,68,halfcheetah,cgp,r9x89ucm
2,3199,33.0,68,halfcheetah,cgp,r9x89ucm
1,799,92.0,137,ant,cgp,9f4ojb91
5,1699,92.0,137,ant,cgp,9f4ojb91
7,3999,93.0,137,ant,cgp,9f4ojb91
6,4399,88.0,137,ant,cgp,9f4ojb91
3,3199,94.0,137,ant,cgp,9f4ojb91
6,4199,87.0,137,ant,cgp,9f4ojb91
2,3799,96.0,137,ant,cgp,9f4ojb91
6,499,94.0,137,ant,cgp,9f4ojb91
2,4899,91.0,137,ant,cgp,9f4ojb91
8,3199,88.0,137,ant,cgp,9f4ojb91
4,3599,88.0,137,ant,cgp,9f4ojb91
5,799,90.0,137,ant,cgp,9f4ojb91
8,799,92.0,137,ant,cgp,9f4ojb91
4,699,88.0,137,ant,cgp,9f4ojb91
8,1499,90.0,137,ant,cgp,9f4ojb91
9,3199,88.0,137,ant,cgp,9f4ojb91
3,3699,90.0,137,ant,cgp,9f4ojb91
5,4299,94.0,137,ant,cgp,9f4ojb91
4,2999,90.0,137,ant,cgp,9f4ojb91
1,2999,88.0,137,ant,cgp,9f4ojb91
1,3699,90.0,137,ant,cgp,9f4ojb91
9,399,88.0,137,ant,cgp,9f4ojb91
2,3899,92.0,137,ant,cgp,9f4ojb91
8,399,88.0,137,ant,cgp,9f4ojb91
8,3599,93.0,137,ant,cgp,9f4ojb91
4,1499,96.0,137,ant,cgp,9f4ojb91
0,4399,94.0,137,ant,cgp,9f4ojb91
8,4599,88.0,137,ant,cgp,9f4ojb91
3,4599,91.0,137,ant,cgp,9f4ojb91
9,4399,96.0,137,ant,cgp,9f4ojb91
3,699,91.0,137,ant,cgp,9f4ojb91
7,1399,88.0,137,ant,cgp,9f4ojb91
4,2699,89.0,137,ant,cgp,9f4ojb91
0,3099,87.0,137,ant,cgp,9f4ojb91
7,1899,88.0,137,ant,cgp,9f4ojb91
1,3499,91.0,137,ant,cgp,9f4ojb91
1,3399,88.0,137,ant,cgp,9f4ojb91
9,2499,93.0,137,ant,cgp,9f4ojb91
6,1599,90.0,137,ant,cgp,9f4ojb91
6,3499,88.0,137,ant,cgp,9f4ojb91
8,4499,87.0,137,ant,cgp,9f4ojb91
8,1899,89.0,137,ant,cgp,9f4ojb91
6,3599,91.0,137,ant,cgp,9f4ojb91
6,3199,89.0,137,ant,cgp,9f4ojb91
1,1899,92.0,137,ant,cgp,9f4ojb91
8,4699,87.0,137,ant,cgp,9f4ojb91
8,2599,91.0,137,ant,cgp,9f4ojb91
0,599,89.0,137,ant,cgp,9f4ojb91
4,1299,88.0,137,ant,cgp,9f4ojb91
7,2399,88.0,137,ant,cgp,9f4ojb91
2,2999,88.0,137,ant,cgp,9f4ojb91
6,99,90.0,137,ant,cgp,9f4ojb91
5,2099,91.0,137,ant,cgp,9f4ojb91
5,899,89.0,137,ant,cgp,9f4ojb91
1,199,92.0,137,ant,cgp,9f4ojb91
4,399,88.0,137,ant,cgp,9f4ojb91
8,999,91.0,137,ant,cgp,9f4ojb91
2,2099,88.0,137,ant,cgp,9f4ojb91
7,199,88.0,137,ant,cgp,9f4ojb91
9,2099,90.0,137,ant,cgp,9f4ojb91
3,3499,88.0,137,ant,cgp,9f4ojb91
0,3799,91.0,137,ant,cgp,9f4ojb91
9,2199,88.0,137,ant,cgp,9f4ojb91
4,3199,88.0,137,ant,cgp,9f4ojb91
1,4299,91.0,137,ant,cgp,9f4ojb91
5,2799,89.0,137,ant,cgp,9f4ojb91
5,2899,90.0,137,ant,cgp,9f4ojb91
2,4099,96.0,137,ant,cgp,9f4ojb91
0,2099,89.0,137,ant,cgp,9f4ojb91
3,2499,90.0,137,ant,cgp,9f4ojb91
3,3799,95.0,137,ant,cgp,9f4ojb91
7,399,89.0,137,ant,cgp,9f4ojb91
0,2799,92.0,137,ant,cgp,9f4ojb91
0,1199,92.0,137,ant,cgp,9f4ojb91
4,3699,91.0,137,ant,cgp,9f4ojb91
0,1699,91.0,137,ant,cgp,9f4ojb91
8,2799,89.0,137,ant,cgp,9f4ojb91
2,4999,91.0,137,ant,cgp,9f4ojb91
7,2199,88.0,137,ant,cgp,9f4ojb91
8,1099,89.0,137,ant,cgp,9f4ojb91
2,199,88.0,137,ant,cgp,9f4ojb91
5,3399,91.0,137,ant,cgp,9f4ojb91
1,3999,91.0,137,ant,cgp,9f4ojb91
9,1399,97.0,137,ant,cgp,9f4ojb91
6,1999,92.0,137,ant,cgp,9f4ojb91
4,299,87.0,137,ant,cgp,9f4ojb91
3,1999,90.0,137,ant,cgp,9f4ojb91
4,599,95.0,137,ant,cgp,9f4ojb91
6,199,93.0,137,ant,cgp,9f4ojb91
6,3799,91.0,137,ant,cgp,9f4ojb91
9,1799,89.0,137,ant,cgp,9f4ojb91
0,1299,91.0,137,ant,cgp,9f4ojb91
0,99,90.0,137,ant,cgp,9f4ojb91
4,4999,89.0,137,ant,cgp,9f4ojb91
4,4799,92.0,137,ant,cgp,9f4ojb91
6,1699,90.0,137,ant,cgp,9f4ojb91
6,4999,92.0,137,ant,cgp,9f4ojb91
5,2599,89.0,137,ant,cgp,9f4ojb91
6,4299,87.0,137,ant,cgp,9f4ojb91
7,4399,90.0,137,ant,cgp,9f4ojb91
3,99,90.0,137,ant,cgp,9f4ojb91
8,1299,90.0,137,ant,cgp,9f4ojb91
5,4099,88.0,137,ant,cgp,9f4ojb91
9,2799,88.0,137,ant,cgp,9f4ojb91
0,1099,96.0,137,ant,cgp,9f4ojb91
0,1899,91.0,137,ant,cgp,9f4ojb91
3,799,91.0,137,ant,cgp,9f4ojb91
2,4199,91.0,137,ant,cgp,9f4ojb91
4,99,91.0,137,ant,cgp,9f4ojb91
1,4399,88.0,137,ant,cgp,9f4ojb91
5,299,88.0,137,ant,cgp,9f4ojb91
1,1499,93.0,137,ant,cgp,9f4ojb91
6,2699,91.0,137,ant,cgp,9f4ojb91
9,2299,90.0,137,ant,cgp,9f4ojb91
2,799,88.0,137,ant,cgp,9f4ojb91
9,3599,90.0,137,ant,cgp,9f4ojb91
3,2199,90.0,137,ant,cgp,9f4ojb91
2,2599,91.0,137,ant,cgp,9f4ojb91
0,4699,94.0,137,ant,cgp,9f4ojb91
4,3299,89.0,137,ant,cgp,9f4ojb91
5,4799,90.0,137,ant,cgp,9f4ojb91
4,799,90.0,137,ant,cgp,9f4ojb91
6,2199,87.0,137,ant,cgp,9f4ojb91
7,2299,88.0,137,ant,cgp,9f4ojb91
8,4799,87.0,137,ant,cgp,9f4ojb91
7,3199,90.0,137,ant,cgp,9f4ojb91
4,499,90.0,137,ant,cgp,9f4ojb91
1,4799,89.0,137,ant,cgp,9f4ojb91
7,1499,92.0,137,ant,cgp,9f4ojb91
2,1699,89.0,137,ant,cgp,9f4ojb91
2,4699,95.0,137,ant,cgp,9f4ojb91
1,3199,87.0,137,ant,cgp,9f4ojb91
7,1999,89.0,137,ant,cgp,9f4ojb91
3,4499,90.0,137,ant,cgp,9f4ojb91
3,1899,88.0,137,ant,cgp,9f4ojb91
7,4299,88.0,137,ant,cgp,9f4ojb91
1,1399,89.0,137,ant,cgp,9f4ojb91
7,2999,92.0,137,ant,cgp,9f4ojb91
7,4599,89.0,137,ant,cgp,9f4ojb91
5,99,89.0,137,ant,cgp,9f4ojb91
8,4299,91.0,137,ant,cgp,9f4ojb91
4,3099,91.0,137,ant,cgp,9f4ojb91
9,3699,92.0,137,ant,cgp,9f4ojb91
2,4299,90.0,137,ant,cgp,9f4ojb91
5,2299,91.0,137,ant,cgp,9f4ojb91
1,3599,88.0,137,ant,cgp,9f4ojb91
8,4199,87.0,137,ant,cgp,9f4ojb91
3,1699,92.0,137,ant,cgp,9f4ojb91
7,2799,89.0,137,ant,cgp,9f4ojb91
7,1199,90.0,137,ant,cgp,9f4ojb91
5,699,97.0,137,ant,cgp,9f4ojb91
2,2499,87.0,137,ant,cgp,9f4ojb91
7,3599,91.0,137,ant,cgp,9f4ojb91
8,1599,92.0,137,ant,cgp,9f4ojb91
2,1499,93.0,137,ant,cgp,9f4ojb91
5,2999,89.0,137,ant,cgp,9f4ojb91
5,2499,89.0,137,ant,cgp,9f4ojb91
6,1299,90.0,137,ant,cgp,9f4ojb91
0,3699,90.0,137,ant,cgp,9f4ojb91
1,1699,89.0,137,ant,cgp,9f4ojb91
4,3499,90.0,137,ant,cgp,9f4ojb91
4,1899,91.0,137,ant,cgp,9f4ojb91
0,4999,87.0,137,ant,cgp,9f4ojb91
8,899,93.0,137,ant,cgp,9f4ojb91
0,4899,88.0,137,ant,cgp,9f4ojb91
4,1799,91.0,137,ant,cgp,9f4ojb91
8,499,89.0,137,ant,cgp,9f4ojb91
5,499,87.0,137,ant,cgp,9f4ojb91
9,1499,87.0,137,ant,cgp,9f4ojb91
1,2699,87.0,137,ant,cgp,9f4ojb91
6,4699,87.0,137,ant,cgp,9f4ojb91
0,2599,89.0,137,ant,cgp,9f4ojb91
4,4399,91.0,137,ant,cgp,9f4ojb91
3,599,90.0,137,ant,cgp,9f4ojb91
4,4099,91.0,137,ant,cgp,9f4ojb91
7,4499,90.0,137,ant,cgp,9f4ojb91
7,4899,91.0,137,ant,cgp,9f4ojb91
8,199,91.0,137,ant,cgp,9f4ojb91
6,2999,89.0,137,ant,cgp,9f4ojb91
6,1799,90.0,137,ant,cgp,9f4ojb91
2,3099,88.0,137,ant,cgp,9f4ojb91
1,1799,90.0,137,ant,cgp,9f4ojb91
7,3099,89.0,137,ant,cgp,9f4ojb91
5,3799,87.0,137,ant,cgp,9f4ojb91
5,4199,91.0,137,ant,cgp,9f4ojb91
9,4199,94.0,137,ant,cgp,9f4ojb91
2,4399,92.0,137,ant,cgp,9f4ojb91
1,4099,88.0,137,ant,cgp,9f4ojb91
8,1399,88.0,137,ant,cgp,9f4ojb91
6,4899,91.0,137,ant,cgp,9f4ojb91
5,599,88.0,137,ant,cgp,9f4ojb91
4,2399,91.0,137,ant,cgp,9f4ojb91
1,2499,89.0,137,ant,cgp,9f4ojb91
0,2699,92.0,137,ant,cgp,9f4ojb91
9,4999,91.0,137,ant,cgp,9f4ojb91
2,1899,88.0,137,ant,cgp,9f4ojb91
1,1999,91.0,137,ant,cgp,9f4ojb91
5,399,90.0,137,ant,cgp,9f4ojb91
2,3299,88.0,137,ant,cgp,9f4ojb91
9,4299,95.0,137,ant,cgp,9f4ojb91
5,3599,89.0,137,ant,cgp,9f4ojb91
9,1899,88.0,137,ant,cgp,9f4ojb91
8,2999,89.0,137,ant,cgp,9f4ojb91
6,4499,88.0,137,ant,cgp,9f4ojb91
2,299,89.0,137,ant,cgp,9f4ojb91
5,3999,90.0,137,ant,cgp,9f4ojb91
5,999,89.0,137,ant,cgp,9f4ojb91
6,3299,90.0,137,ant,cgp,9f4ojb91
6,899,93.0,137,ant,cgp,9f4ojb91
2,599,92.0,137,ant,cgp,9f4ojb91
9,3899,88.0,137,ant,cgp,9f4ojb91
4,2299,90.0,137,ant,cgp,9f4ojb91
0,1799,89.0,137,ant,cgp,9f4ojb91
4,1399,89.0,137,ant,cgp,9f4ojb91
4,2899,90.0,137,ant,cgp,9f4ojb91
1,699,89.0,137,ant,cgp,9f4ojb91
1,4699,90.0,137,ant,cgp,9f4ojb91
0,1399,91.0,137,ant,cgp,9f4ojb91
5,4599,90.0,137,ant,cgp,9f4ojb91
0,1599,88.0,137,ant,cgp,9f4ojb91
9,2899,91.0,137,ant,cgp,9f4ojb91
5,2199,92.0,137,ant,cgp,9f4ojb91
2,4499,88.0,137,ant,cgp,9f4ojb91
9,2699,88.0,137,ant,cgp,9f4ojb91
6,3999,91.0,137,ant,cgp,9f4ojb91
0,199,93.0,137,ant,cgp,9f4ojb91
7,3899,91.0,137,ant,cgp,9f4ojb91
8,3799,87.0,137,ant,cgp,9f4ojb91
1,2799,93.0,137,ant,cgp,9f4ojb91
3,4899,90.0,137,ant,cgp,9f4ojb91
9,2999,96.0,137,ant,cgp,9f4ojb91
3,2999,91.0,137,ant,cgp,9f4ojb91
0,2299,89.0,137,ant,cgp,9f4ojb91
0,3399,90.0,137,ant,cgp,9f4ojb91
8,4999,88.0,137,ant,cgp,9f4ojb91
3,4999,90.0,137,ant,cgp,9f4ojb91
8,1699,93.0,137,ant,cgp,9f4ojb91
7,99,90.0,137,ant,cgp,9f4ojb91
5,1999,89.0,137,ant,cgp,9f4ojb91
2,2299,88.0,137,ant,cgp,9f4ojb91
5,4399,89.0,137,ant,cgp,9f4ojb91
3,2399,90.0,137,ant,cgp,9f4ojb91
1,99,90.0,137,ant,cgp,9f4ojb91
6,599,90.0,137,ant,cgp,9f4ojb91
2,99,92.0,137,ant,cgp,9f4ojb91
4,199,89.0,137,ant,cgp,9f4ojb91
4,999,88.0,137,ant,cgp,9f4ojb91
7,1699,87.0,137,ant,cgp,9f4ojb91
1,4899,93.0,137,ant,cgp,9f4ojb91
1,1299,90.0,137,ant,cgp,9f4ojb91
8,3099,95.0,137,ant,cgp,9f4ojb91
4,4499,91.0,137,ant,cgp,9f4ojb91
9,899,87.0,137,ant,cgp,9f4ojb91
9,3799,90.0,137,ant,cgp,9f4ojb91
0,4299,92.0,137,ant,cgp,9f4ojb91
5,4699,92.0,137,ant,cgp,9f4ojb91
5,3699,89.0,137,ant,cgp,9f4ojb91
4,3399,89.0,137,ant,cgp,9f4ojb91
9,4899,93.0,137,ant,cgp,9f4ojb91
8,599,91.0,137,ant,cgp,9f4ojb91
4,1699,91.0,137,ant,cgp,9f4ojb91
5,1499,87.0,137,ant,cgp,9f4ojb91
0,4599,88.0,137,ant,cgp,9f4ojb91
3,4399,90.0,137,ant,cgp,9f4ojb91
8,2199,90.0,137,ant,cgp,9f4ojb91
2,1199,91.0,137,ant,cgp,9f4ojb91
0,799,87.0,137,ant,cgp,9f4ojb91
2,4799,91.0,137,ant,cgp,9f4ojb91
8,1999,87.0,137,ant,cgp,9f4ojb91
9,3999,89.0,137,ant,cgp,9f4ojb91
7,1099,89.0,137,ant,cgp,9f4ojb91
7,2599,92.0,137,ant,cgp,9f4ojb91
1,1599,89.0,137,ant,cgp,9f4ojb91
7,899,95.0,137,ant,cgp,9f4ojb91
2,399,95.0,137,ant,cgp,9f4ojb91
1,499,92.0,137,ant,cgp,9f4ojb91
6,2299,88.0,137,ant,cgp,9f4ojb91
5,3199,89.0,137,ant,cgp,9f4ojb91
9,4499,90.0,137,ant,cgp,9f4ojb91
6,3699,89.0,137,ant,cgp,9f4ojb91
0,2399,88.0,137,ant,cgp,9f4ojb91
7,3499,99.0,137,ant,cgp,9f4ojb91
9,3399,90.0,137,ant,cgp,9f4ojb91
3,1499,90.0,137,ant,cgp,9f4ojb91
6,2399,89.0,137,ant,cgp,9f4ojb91
8,3899,87.0,137,ant,cgp,9f4ojb91
1,4599,96.0,137,ant,cgp,9f4ojb91
1,399,92.0,137,ant,cgp,9f4ojb91
3,4199,90.0,137,ant,cgp,9f4ojb91
4,4599,88.0,137,ant,cgp,9f4ojb91
3,3999,94.0,137,ant,cgp,9f4ojb91
2,2899,88.0,137,ant,cgp,9f4ojb91
8,2099,94.0,137,ant,cgp,9f4ojb91
2,4599,93.0,137,ant,cgp,9f4ojb91
1,3099,89.0,137,ant,cgp,9f4ojb91
3,4299,92.0,137,ant,cgp,9f4ojb91
3,2699,89.0,137,ant,cgp,9f4ojb91
5,4999,89.0,137,ant,cgp,9f4ojb91
8,2399,88.0,137,ant,cgp,9f4ojb91
0,399,92.0,137,ant,cgp,9f4ojb91
0,3299,90.0,137,ant,cgp,9f4ojb91
3,3599,89.0,137,ant,cgp,9f4ojb91
4,1199,92.0,137,ant,cgp,9f4ojb91
6,3899,90.0,137,ant,cgp,9f4ojb91
2,699,88.0,137,ant,cgp,9f4ojb91
8,4099,89.0,137,ant,cgp,9f4ojb91
9,599,89.0,137,ant,cgp,9f4ojb91
6,1499,95.0,137,ant,cgp,9f4ojb91
2,3699,93.0,137,ant,cgp,9f4ojb91
4,3899,91.0,137,ant,cgp,9f4ojb91
6,399,89.0,137,ant,cgp,9f4ojb91
8,699,91.0,137,ant,cgp,9f4ojb91
8,299,90.0,137,ant,cgp,9f4ojb91
1,2399,91.0,137,ant,cgp,9f4ojb91
9,2599,87.0,137,ant,cgp,9f4ojb91
7,4799,88.0,137,ant,cgp,9f4ojb91
7,999,88.0,137,ant,cgp,9f4ojb91
9,699,89.0,137,ant,cgp,9f4ojb91
7,2499,95.0,137,ant,cgp,9f4ojb91
5,2699,89.0,137,ant,cgp,9f4ojb91
2,1799,89.0,137,ant,cgp,9f4ojb91
6,1099,91.0,137,ant,cgp,9f4ojb91
0,299,93.0,137,ant,cgp,9f4ojb91
6,3399,90.0,137,ant,cgp,9f4ojb91
2,2699,92.0,137,ant,cgp,9f4ojb91
7,2699,91.0,137,ant,cgp,9f4ojb91
8,2299,88.0,137,ant,cgp,9f4ojb91
3,199,89.0,137,ant,cgp,9f4ojb91
8,4399,91.0,137,ant,cgp,9f4ojb91
8,1199,92.0,137,ant,cgp,9f4ojb91
3,1299,90.0,137,ant,cgp,9f4ojb91
1,899,91.0,137,ant,cgp,9f4ojb91
1,3299,92.0,137,ant,cgp,9f4ojb91
1,2299,87.0,137,ant,cgp,9f4ojb91
8,3299,90.0,137,ant,cgp,9f4ojb91
4,2199,92.0,137,ant,cgp,9f4ojb91
6,2899,91.0,137,ant,cgp,9f4ojb91
5,3099,91.0,137,ant,cgp,9f4ojb91
6,1399,91.0,137,ant,cgp,9f4ojb91
1,3799,92.0,137,ant,cgp,9f4ojb91
8,99,92.0,137,ant,cgp,9f4ojb91
2,2799,91.0,137,ant,cgp,9f4ojb91
3,1199,88.0,137,ant,cgp,9f4ojb91
9,3299,89.0,137,ant,cgp,9f4ojb91
7,699,89.0,137,ant,cgp,9f4ojb91
2,499,89.0,137,ant,cgp,9f4ojb91
4,3799,89.0,137,ant,cgp,9f4ojb91
3,1599,89.0,137,ant,cgp,9f4ojb91
3,299,88.0,137,ant,cgp,9f4ojb91
5,4899,90.0,137,ant,cgp,9f4ojb91
7,599,89.0,137,ant,cgp,9f4ojb91
2,2399,88.0,137,ant,cgp,9f4ojb91
5,1899,88.0,137,ant,cgp,9f4ojb91
8,2899,93.0,137,ant,cgp,9f4ojb91
4,4199,89.0,137,ant,cgp,9f4ojb91
4,4299,91.0,137,ant,cgp,9f4ojb91
9,499,90.0,137,ant,cgp,9f4ojb91
3,3099,89.0,137,ant,cgp,9f4ojb91
6,4099,88.0,137,ant,cgp,9f4ojb91
5,1299,90.0,137,ant,cgp,9f4ojb91
3,499,95.0,137,ant,cgp,9f4ojb91
3,1799,92.0,137,ant,cgp,9f4ojb91
4,2099,89.0,137,ant,cgp,9f4ojb91
9,2399,88.0,137,ant,cgp,9f4ojb91
3,2099,91.0,137,ant,cgp,9f4ojb91
9,4099,91.0,137,ant,cgp,9f4ojb91
4,2599,90.0,137,ant,cgp,9f4ojb91
6,299,89.0,137,ant,cgp,9f4ojb91
3,1399,91.0,137,ant,cgp,9f4ojb91
9,999,87.0,137,ant,cgp,9f4ojb91
2,1299,91.0,137,ant,cgp,9f4ojb91
3,2299,91.0,137,ant,cgp,9f4ojb91
3,4699,89.0,137,ant,cgp,9f4ojb91
1,1199,91.0,137,ant,cgp,9f4ojb91
5,1099,88.0,137,ant,cgp,9f4ojb91
4,4899,92.0,137,ant,cgp,9f4ojb91
9,199,89.0,137,ant,cgp,9f4ojb91
2,3599,91.0,137,ant,cgp,9f4ojb91
7,1599,87.0,137,ant,cgp,9f4ojb91
6,2499,94.0,137,ant,cgp,9f4ojb91
3,3399,92.0,137,ant,cgp,9f4ojb91
2,1599,94.0,137,ant,cgp,9f4ojb91
2,1399,93.0,137,ant,cgp,9f4ojb91
0,3199,89.0,137,ant,cgp,9f4ojb91
9,3499,89.0,137,ant,cgp,9f4ojb91
5,1399,87.0,137,ant,cgp,9f4ojb91
8,3499,88.0,137,ant,cgp,9f4ojb91
1,999,91.0,137,ant,cgp,9f4ojb91
4,1999,90.0,137,ant,cgp,9f4ojb91
5,1199,90.0,137,ant,cgp,9f4ojb91
5,1799,90.0,137,ant,cgp,9f4ojb91
6,799,94.0,137,ant,cgp,9f4ojb91
3,3299,89.0,137,ant,cgp,9f4ojb91
0,4499,89.0,137,ant,cgp,9f4ojb91
0,899,90.0,137,ant,cgp,9f4ojb91
9,99,88.0,137,ant,cgp,9f4ojb91
7,3399,88.0,137,ant,cgp,9f4ojb91
4,2499,88.0,137,ant,cgp,9f4ojb91
4,1099,91.0,137,ant,cgp,9f4ojb91
9,1599,89.0,137,ant,cgp,9f4ojb91
3,4799,88.0,137,ant,cgp,9f4ojb91
9,1099,90.0,137,ant,cgp,9f4ojb91
5,1599,89.0,137,ant,cgp,9f4ojb91
4,1599,88.0,137,ant,cgp,9f4ojb91
7,499,88.0,137,ant,cgp,9f4ojb91
4,899,93.0,137,ant,cgp,9f4ojb91
4,4699,90.0,137,ant,cgp,9f4ojb91
0,499,89.0,137,ant,cgp,9f4ojb91
6,2099,91.0,137,ant,cgp,9f4ojb91
1,3899,87.0,137,ant,cgp,9f4ojb91
1,2199,87.0,137,ant,cgp,9f4ojb91
8,4899,89.0,137,ant,cgp,9f4ojb91
7,4699,93.0,137,ant,cgp,9f4ojb91
2,1099,88.0,137,ant,cgp,9f4ojb91
6,1199,89.0,137,ant,cgp,9f4ojb91
9,1699,89.0,137,ant,cgp,9f4ojb91
0,3899,91.0,137,ant,cgp,9f4ojb91
9,4799,90.0,137,ant,cgp,9f4ojb91
7,799,92.0,137,ant,cgp,9f4ojb91
3,2899,91.0,137,ant,cgp,9f4ojb91
0,3499,90.0,137,ant,cgp,9f4ojb91
1,2099,87.0,137,ant,cgp,9f4ojb91
2,3999,89.0,137,ant,cgp,9f4ojb91
0,1499,89.0,137,ant,cgp,9f4ojb91
0,999,89.0,137,ant,cgp,9f4ojb91
6,3099,95.0,137,ant,cgp,9f4ojb91
1,299,88.0,137,ant,cgp,9f4ojb91
8,2499,88.0,137,ant,cgp,9f4ojb91
5,4499,91.0,137,ant,cgp,9f4ojb91
6,4599,88.0,137,ant,cgp,9f4ojb91
0,3999,88.0,137,ant,cgp,9f4ojb91
3,1099,91.0,137,ant,cgp,9f4ojb91
0,1999,88.0,137,ant,cgp,9f4ojb91
2,2199,90.0,137,ant,cgp,9f4ojb91
5,2399,89.0,137,ant,cgp,9f4ojb91
5,3499,92.0,137,ant,cgp,9f4ojb91
1,4199,91.0,137,ant,cgp,9f4ojb91
7,4099,89.0,137,ant,cgp,9f4ojb91
2,3499,91.0,137,ant,cgp,9f4ojb91
0,3599,89.0,137,ant,cgp,9f4ojb91
8,1799,89.0,137,ant,cgp,9f4ojb91
5,3899,89.0,137,ant,cgp,9f4ojb91
8,3999,93.0,137,ant,cgp,9f4ojb91
1,2899,93.0,137,ant,cgp,9f4ojb91
0,699,91.0,137,ant,cgp,9f4ojb91
3,3899,93.0,137,ant,cgp,9f4ojb91
7,3799,89.0,137,ant,cgp,9f4ojb91
7,4199,87.0,137,ant,cgp,9f4ojb91
8,2699,92.0,137,ant,cgp,9f4ojb91
2,3399,93.0,137,ant,cgp,9f4ojb91
7,3699,92.0,137,ant,cgp,9f4ojb91
9,4599,89.0,137,ant,cgp,9f4ojb91
7,2099,90.0,137,ant,cgp,9f4ojb91
8,3699,91.0,137,ant,cgp,9f4ojb91
0,2199,89.0,137,ant,cgp,9f4ojb91
6,1899,92.0,137,ant,cgp,9f4ojb91
9,1999,97.0,137,ant,cgp,9f4ojb91
6,699,91.0,137,ant,cgp,9f4ojb91
0,2499,91.0,137,ant,cgp,9f4ojb91
0,2899,88.0,137,ant,cgp,9f4ojb91
3,899,88.0,137,ant,cgp,9f4ojb91
7,299,91.0,137,ant,cgp,9f4ojb91
9,1199,87.0,137,ant,cgp,9f4ojb91
0,4099,95.0,137,ant,cgp,9f4ojb91
0,4199,90.0,137,ant,cgp,9f4ojb91
9,1299,87.0,137,ant,cgp,9f4ojb91
2,1999,88.0,137,ant,cgp,9f4ojb91
6,999,90.0,137,ant,cgp,9f4ojb91
2,899,89.0,137,ant,cgp,9f4ojb91
7,1799,89.0,137,ant,cgp,9f4ojb91
0,2999,95.0,137,ant,cgp,9f4ojb91
8,3399,93.0,137,ant,cgp,9f4ojb91
3,2799,91.0,137,ant,cgp,9f4ojb91
1,599,92.0,137,ant,cgp,9f4ojb91
5,3299,93.0,137,ant,cgp,9f4ojb91
5,199,90.0,137,ant,cgp,9f4ojb91
3,999,94.0,137,ant,cgp,9f4ojb91
7,4999,92.0,137,ant,cgp,9f4ojb91
7,2899,87.0,137,ant,cgp,9f4ojb91
4,3999,88.0,137,ant,cgp,9f4ojb91
6,2599,91.0,137,ant,cgp,9f4ojb91
1,4499,91.0,137,ant,cgp,9f4ojb91
4,2799,92.0,137,ant,cgp,9f4ojb91
1,1099,88.0,137,ant,cgp,9f4ojb91
9,4699,93.0,137,ant,cgp,9f4ojb91
7,3299,93.0,137,ant,cgp,9f4ojb91
3,2599,88.0,137,ant,cgp,9f4ojb91
7,1299,95.0,137,ant,cgp,9f4ojb91
1,2599,88.0,137,ant,cgp,9f4ojb91
0,4799,87.0,137,ant,cgp,9f4ojb91
6,4799,95.0,137,ant,cgp,9f4ojb91
9,299,95.0,137,ant,cgp,9f4ojb91
6,2799,94.0,137,ant,cgp,9f4ojb91
2,999,88.0,137,ant,cgp,9f4ojb91
3,399,90.0,137,ant,cgp,9f4ojb91
9,3099,89.0,137,ant,cgp,9f4ojb91
3,4099,95.0,137,ant,cgp,9f4ojb91
1,4999,93.0,137,ant,cgp,9f4ojb91
9,799,87.0,137,ant,cgp,9f4ojb91
2,3199,92.0,137,ant,cgp,9f4ojb91
1,799,40.0,61,hopper,cgp,14ris99l
5,1699,36.0,61,hopper,cgp,14ris99l
7,3999,30.0,61,hopper,cgp,14ris99l
6,4399,14.0,61,hopper,cgp,14ris99l
3,3199,30.0,61,hopper,cgp,14ris99l
6,4199,12.0,61,hopper,cgp,14ris99l
2,3799,36.0,61,hopper,cgp,14ris99l
6,499,32.0,61,hopper,cgp,14ris99l
2,4899,34.0,61,hopper,cgp,14ris99l
8,3199,29.0,61,hopper,cgp,14ris99l
4,3599,34.0,61,hopper,cgp,14ris99l
5,799,15.0,61,hopper,cgp,14ris99l
8,799,28.0,61,hopper,cgp,14ris99l
4,699,38.0,61,hopper,cgp,14ris99l
8,1499,42.0,61,hopper,cgp,14ris99l
9,3199,19.0,61,hopper,cgp,14ris99l
3,3699,30.0,61,hopper,cgp,14ris99l
5,4299,20.0,61,hopper,cgp,14ris99l
4,2999,31.0,61,hopper,cgp,14ris99l
1,2999,38.0,61,hopper,cgp,14ris99l
1,3699,19.0,61,hopper,cgp,14ris99l
9,399,28.0,61,hopper,cgp,14ris99l
2,3899,40.0,61,hopper,cgp,14ris99l
8,399,48.0,61,hopper,cgp,14ris99l
8,3599,33.0,61,hopper,cgp,14ris99l
4,1499,42.0,61,hopper,cgp,14ris99l
0,4399,36.0,61,hopper,cgp,14ris99l
8,4599,29.0,61,hopper,cgp,14ris99l
3,4599,44.0,61,hopper,cgp,14ris99l
9,4399,35.0,61,hopper,cgp,14ris99l
3,699,28.0,61,hopper,cgp,14ris99l
7,1399,30.0,61,hopper,cgp,14ris99l
4,2699,31.0,61,hopper,cgp,14ris99l
0,3099,27.0,61,hopper,cgp,14ris99l
7,1899,39.0,61,hopper,cgp,14ris99l
1,3499,20.0,61,hopper,cgp,14ris99l
1,3399,13.0,61,hopper,cgp,14ris99l
9,2499,33.0,61,hopper,cgp,14ris99l
6,1599,37.0,61,hopper,cgp,14ris99l
6,3499,18.0,61,hopper,cgp,14ris99l
8,4499,41.0,61,hopper,cgp,14ris99l
8,1899,28.0,61,hopper,cgp,14ris99l
6,3599,24.0,61,hopper,cgp,14ris99l
6,3199,33.0,61,hopper,cgp,14ris99l
1,1899,23.0,61,hopper,cgp,14ris99l
8,4699,27.0,61,hopper,cgp,14ris99l
8,2599,41.0,61,hopper,cgp,14ris99l
0,599,22.0,61,hopper,cgp,14ris99l
4,1299,24.0,61,hopper,cgp,14ris99l
7,2399,35.0,61,hopper,cgp,14ris99l
2,2999,36.0,61,hopper,cgp,14ris99l
6,99,39.0,61,hopper,cgp,14ris99l
5,2099,28.0,61,hopper,cgp,14ris99l
5,899,25.0,61,hopper,cgp,14ris99l
1,199,14.0,61,hopper,cgp,14ris99l
4,399,17.0,61,hopper,cgp,14ris99l
8,999,28.0,61,hopper,cgp,14ris99l
2,2099,15.0,61,hopper,cgp,14ris99l
7,199,35.0,61,hopper,cgp,14ris99l
9,2099,22.0,61,hopper,cgp,14ris99l
3,3499,27.0,61,hopper,cgp,14ris99l
0,3799,16.0,61,hopper,cgp,14ris99l
9,2199,16.0,61,hopper,cgp,14ris99l
4,3199,33.0,61,hopper,cgp,14ris99l
1,4299,37.0,61,hopper,cgp,14ris99l
5,2799,15.0,61,hopper,cgp,14ris99l
5,2899,39.0,61,hopper,cgp,14ris99l
2,4099,35.0,61,hopper,cgp,14ris99l
0,2099,33.0,61,hopper,cgp,14ris99l
3,2499,35.0,61,hopper,cgp,14ris99l
3,3799,34.0,61,hopper,cgp,14ris99l
7,399,14.0,61,hopper,cgp,14ris99l
0,2799,14.0,61,hopper,cgp,14ris99l
0,1199,28.0,61,hopper,cgp,14ris99l
4,3699,25.0,61,hopper,cgp,14ris99l
0,1699,21.0,61,hopper,cgp,14ris99l
8,2799,24.0,61,hopper,cgp,14ris99l
2,4999,20.0,61,hopper,cgp,14ris99l
7,2199,36.0,61,hopper,cgp,14ris99l
8,1099,20.0,61,hopper,cgp,14ris99l
2,199,12.0,61,hopper,cgp,14ris99l
5,3399,28.0,61,hopper,cgp,14ris99l
1,3999,18.0,61,hopper,cgp,14ris99l
9,1399,26.0,61,hopper,cgp,14ris99l
6,1999,44.0,61,hopper,cgp,14ris99l
4,299,34.0,61,hopper,cgp,14ris99l
3,1999,38.0,61,hopper,cgp,14ris99l
4,599,43.0,61,hopper,cgp,14ris99l
6,199,25.0,61,hopper,cgp,14ris99l
6,3799,22.0,61,hopper,cgp,14ris99l
9,1799,40.0,61,hopper,cgp,14ris99l
0,1299,23.0,61,hopper,cgp,14ris99l
0,99,38.0,61,hopper,cgp,14ris99l
4,4999,24.0,61,hopper,cgp,14ris99l
4,4799,32.0,61,hopper,cgp,14ris99l
6,1699,40.0,61,hopper,cgp,14ris99l
6,4999,19.0,61,hopper,cgp,14ris99l
5,2599,27.0,61,hopper,cgp,14ris99l
6,4299,45.0,61,hopper,cgp,14ris99l
7,4399,30.0,61,hopper,cgp,14ris99l
3,99,38.0,61,hopper,cgp,14ris99l
8,1299,40.0,61,hopper,cgp,14ris99l
5,4099,29.0,61,hopper,cgp,14ris99l
9,2799,38.0,61,hopper,cgp,14ris99l
0,1099,18.0,61,hopper,cgp,14ris99l
0,1899,18.0,61,hopper,cgp,14ris99l
3,799,30.0,61,hopper,cgp,14ris99l
2,4199,35.0,61,hopper,cgp,14ris99l
4,99,19.0,61,hopper,cgp,14ris99l
1,4399,20.0,61,hopper,cgp,14ris99l
5,299,22.0,61,hopper,cgp,14ris99l
1,1499,19.0,61,hopper,cgp,14ris99l
6,2699,29.0,61,hopper,cgp,14ris99l
9,2299,30.0,61,hopper,cgp,14ris99l
2,799,34.0,61,hopper,cgp,14ris99l
9,3599,15.0,61,hopper,cgp,14ris99l
3,2199,42.0,61,hopper,cgp,14ris99l
2,2599,29.0,61,hopper,cgp,14ris99l
0,4699,27.0,61,hopper,cgp,14ris99l
4,3299,19.0,61,hopper,cgp,14ris99l
5,4799,46.0,61,hopper,cgp,14ris99l
4,799,17.0,61,hopper,cgp,14ris99l
6,2199,47.0,61,hopper,cgp,14ris99l
7,2299,32.0,61,hopper,cgp,14ris99l
8,4799,26.0,61,hopper,cgp,14ris99l
7,3199,36.0,61,hopper,cgp,14ris99l
4,499,20.0,61,hopper,cgp,14ris99l
1,4799,15.0,61,hopper,cgp,14ris99l
7,1499,35.0,61,hopper,cgp,14ris99l
2,1699,25.0,61,hopper,cgp,14ris99l
2,4699,42.0,61,hopper,cgp,14ris99l
1,3199,14.0,61,hopper,cgp,14ris99l
7,1999,39.0,61,hopper,cgp,14ris99l
3,4499,36.0,61,hopper,cgp,14ris99l
3,1899,35.0,61,hopper,cgp,14ris99l
7,4299,31.0,61,hopper,cgp,14ris99l
1,1399,21.0,61,hopper,cgp,14ris99l
7,2999,39.0,61,hopper,cgp,14ris99l
7,4599,29.0,61,hopper,cgp,14ris99l
5,99,30.0,61,hopper,cgp,14ris99l
8,4299,40.0,61,hopper,cgp,14ris99l
4,3099,19.0,61,hopper,cgp,14ris99l
9,3699,21.0,61,hopper,cgp,14ris99l
2,4299,41.0,61,hopper,cgp,14ris99l
5,2299,25.0,61,hopper,cgp,14ris99l
1,3599,47.0,61,hopper,cgp,14ris99l
8,4199,32.0,61,hopper,cgp,14ris99l
3,1699,36.0,61,hopper,cgp,14ris99l
7,2799,39.0,61,hopper,cgp,14ris99l
7,1199,34.0,61,hopper,cgp,14ris99l
5,699,34.0,61,hopper,cgp,14ris99l
2,2499,25.0,61,hopper,cgp,14ris99l
7,3599,36.0,61,hopper,cgp,14ris99l
8,1599,23.0,61,hopper,cgp,14ris99l
2,1499,17.0,61,hopper,cgp,14ris99l
5,2999,36.0,61,hopper,cgp,14ris99l
5,2499,25.0,61,hopper,cgp,14ris99l
6,1299,35.0,61,hopper,cgp,14ris99l
0,3699,22.0,61,hopper,cgp,14ris99l
1,1699,23.0,61,hopper,cgp,14ris99l
4,3499,44.0,61,hopper,cgp,14ris99l
4,1899,20.0,61,hopper,cgp,14ris99l
0,4999,26.0,61,hopper,cgp,14ris99l
8,899,27.0,61,hopper,cgp,14ris99l
0,4899,25.0,61,hopper,cgp,14ris99l
4,1799,24.0,61,hopper,cgp,14ris99l
8,499,37.0,61,hopper,cgp,14ris99l
5,499,35.0,61,hopper,cgp,14ris99l
9,1499,34.0,61,hopper,cgp,14ris99l
1,2699,41.0,61,hopper,cgp,14ris99l
6,4699,35.0,61,hopper,cgp,14ris99l
0,2599,16.0,61,hopper,cgp,14ris99l
4,4399,22.0,61,hopper,cgp,14ris99l
3,599,29.0,61,hopper,cgp,14ris99l
4,4099,27.0,61,hopper,cgp,14ris99l
7,4499,30.0,61,hopper,cgp,14ris99l
7,4899,28.0,61,hopper,cgp,14ris99l
8,199,30.0,61,hopper,cgp,14ris99l
6,2999,38.0,61,hopper,cgp,14ris99l
6,1799,40.0,61,hopper,cgp,14ris99l
2,3099,25.0,61,hopper,cgp,14ris99l
1,1799,14.0,61,hopper,cgp,14ris99l
7,3099,40.0,61,hopper,cgp,14ris99l
5,3799,21.0,61,hopper,cgp,14ris99l
5,4199,23.0,61,hopper,cgp,14ris99l
9,4199,30.0,61,hopper,cgp,14ris99l
2,4399,38.0,61,hopper,cgp,14ris99l
1,4099,20.0,61,hopper,cgp,14ris99l
8,1399,40.0,61,hopper,cgp,14ris99l
6,4899,15.0,61,hopper,cgp,14ris99l
5,599,32.0,61,hopper,cgp,14ris99l
4,2399,31.0,61,hopper,cgp,14ris99l
1,2499,37.0,61,hopper,cgp,14ris99l
0,2699,25.0,61,hopper,cgp,14ris99l
9,4999,17.0,61,hopper,cgp,14ris99l
2,1899,14.0,61,hopper,cgp,14ris99l
1,1999,32.0,61,hopper,cgp,14ris99l
5,399,20.0,61,hopper,cgp,14ris99l
2,3299,27.0,61,hopper,cgp,14ris99l
9,4299,35.0,61,hopper,cgp,14ris99l
5,3599,20.0,61,hopper,cgp,14ris99l
9,1899,40.0,61,hopper,cgp,14ris99l
8,2999,28.0,61,hopper,cgp,14ris99l
6,4499,16.0,61,hopper,cgp,14ris99l
2,299,14.0,61,hopper,cgp,14ris99l
5,3999,13.0,61,hopper,cgp,14ris99l
5,999,18.0,61,hopper,cgp,14ris99l
6,3299,14.0,61,hopper,cgp,14ris99l
6,899,35.0,61,hopper,cgp,14ris99l
2,599,32.0,61,hopper,cgp,14ris99l
9,3899,27.0,61,hopper,cgp,14ris99l
4,2299,34.0,61,hopper,cgp,14ris99l
0,1799,37.0,61,hopper,cgp,14ris99l
4,1399,36.0,61,hopper,cgp,14ris99l
4,2899,20.0,61,hopper,cgp,14ris99l
1,699,21.0,61,hopper,cgp,14ris99l
1,4699,18.0,61,hopper,cgp,14ris99l
0,1399,42.0,61,hopper,cgp,14ris99l
5,4599,41.0,61,hopper,cgp,14ris99l
0,1599,16.0,61,hopper,cgp,14ris99l
9,2899,23.0,61,hopper,cgp,14ris99l
5,2199,18.0,61,hopper,cgp,14ris99l
2,4499,39.0,61,hopper,cgp,14ris99l
9,2699,21.0,61,hopper,cgp,14ris99l
6,3999,28.0,61,hopper,cgp,14ris99l
0,199,26.0,61,hopper,cgp,14ris99l
7,3899,28.0,61,hopper,cgp,14ris99l
8,3799,15.0,61,hopper,cgp,14ris99l
1,2799,15.0,61,hopper,cgp,14ris99l
3,4899,29.0,61,hopper,cgp,14ris99l
9,2999,37.0,61,hopper,cgp,14ris99l
3,2999,36.0,61,hopper,cgp,14ris99l
0,2299,16.0,61,hopper,cgp,14ris99l
0,3399,35.0,61,hopper,cgp,14ris99l
8,4999,42.0,61,hopper,cgp,14ris99l
3,4999,42.0,61,hopper,cgp,14ris99l
8,1699,34.0,61,hopper,cgp,14ris99l
7,99,41.0,61,hopper,cgp,14ris99l
5,1999,16.0,61,hopper,cgp,14ris99l
2,2299,15.0,61,hopper,cgp,14ris99l
5,4399,30.0,61,hopper,cgp,14ris99l
3,2399,35.0,61,hopper,cgp,14ris99l
1,99,33.0,61,hopper,cgp,14ris99l
6,599,32.0,61,hopper,cgp,14ris99l
2,99,35.0,61,hopper,cgp,14ris99l
4,199,24.0,61,hopper,cgp,14ris99l
4,999,16.0,61,hopper,cgp,14ris99l
7,1699,39.0,61,hopper,cgp,14ris99l
1,4899,18.0,61,hopper,cgp,14ris99l
1,1299,33.0,61,hopper,cgp,14ris99l
8,3099,32.0,61,hopper,cgp,14ris99l
4,4499,23.0,61,hopper,cgp,14ris99l
9,899,42.0,61,hopper,cgp,14ris99l
9,3799,17.0,61,hopper,cgp,14ris99l
0,4299,14.0,61,hopper,cgp,14ris99l
5,4699,30.0,61,hopper,cgp,14ris99l
5,3699,16.0,61,hopper,cgp,14ris99l
4,3399,22.0,61,hopper,cgp,14ris99l
9,4899,21.0,61,hopper,cgp,14ris99l
8,599,31.0,61,hopper,cgp,14ris99l
4,1699,19.0,61,hopper,cgp,14ris99l
5,1499,29.0,61,hopper,cgp,14ris99l
0,4599,13.0,61,hopper,cgp,14ris99l
3,4399,15.0,61,hopper,cgp,14ris99l
8,2199,31.0,61,hopper,cgp,14ris99l
2,1199,32.0,61,hopper,cgp,14ris99l
0,799,18.0,61,hopper,cgp,14ris99l
2,4799,35.0,61,hopper,cgp,14ris99l
8,1999,26.0,61,hopper,cgp,14ris99l
9,3999,36.0,61,hopper,cgp,14ris99l
7,1099,39.0,61,hopper,cgp,14ris99l
7,2599,33.0,61,hopper,cgp,14ris99l
1,1599,41.0,61,hopper,cgp,14ris99l
7,899,30.0,61,hopper,cgp,14ris99l
2,399,14.0,61,hopper,cgp,14ris99l
1,499,24.0,61,hopper,cgp,14ris99l
6,2299,47.0,61,hopper,cgp,14ris99l
5,3199,35.0,61,hopper,cgp,14ris99l
9,4499,25.0,61,hopper,cgp,14ris99l
6,3699,13.0,61,hopper,cgp,14ris99l
0,2399,36.0,61,hopper,cgp,14ris99l
7,3499,36.0,61,hopper,cgp,14ris99l
9,3399,28.0,61,hopper,cgp,14ris99l
3,1499,36.0,61,hopper,cgp,14ris99l
6,2399,47.0,61,hopper,cgp,14ris99l
8,3899,27.0,61,hopper,cgp,14ris99l
1,4599,17.0,61,hopper,cgp,14ris99l
1,399,27.0,61,hopper,cgp,14ris99l
3,4199,26.0,61,hopper,cgp,14ris99l
4,4599,19.0,61,hopper,cgp,14ris99l
3,3999,32.0,61,hopper,cgp,14ris99l
2,2899,23.0,61,hopper,cgp,14ris99l
8,2099,29.0,61,hopper,cgp,14ris99l
2,4599,35.0,61,hopper,cgp,14ris99l
1,3099,25.0,61,hopper,cgp,14ris99l
3,4299,24.0,61,hopper,cgp,14ris99l
3,2699,35.0,61,hopper,cgp,14ris99l
5,4999,32.0,61,hopper,cgp,14ris99l
8,2399,30.0,61,hopper,cgp,14ris99l
0,399,30.0,61,hopper,cgp,14ris99l
0,3299,30.0,61,hopper,cgp,14ris99l
3,3599,31.0,61,hopper,cgp,14ris99l
4,1199,31.0,61,hopper,cgp,14ris99l
6,3899,14.0,61,hopper,cgp,14ris99l
2,699,15.0,61,hopper,cgp,14ris99l
8,4099,36.0,61,hopper,cgp,14ris99l
9,599,44.0,61,hopper,cgp,14ris99l
6,1499,35.0,61,hopper,cgp,14ris99l
2,3699,30.0,61,hopper,cgp,14ris99l
4,3899,34.0,61,hopper,cgp,14ris99l
6,399,35.0,61,hopper,cgp,14ris99l
8,699,41.0,61,hopper,cgp,14ris99l
8,299,30.0,61,hopper,cgp,14ris99l
1,2399,36.0,61,hopper,cgp,14ris99l
9,2599,33.0,61,hopper,cgp,14ris99l
7,4799,28.0,61,hopper,cgp,14ris99l
7,999,36.0,61,hopper,cgp,14ris99l
9,699,16.0,61,hopper,cgp,14ris99l
7,2499,33.0,61,hopper,cgp,14ris99l
5,2699,29.0,61,hopper,cgp,14ris99l
2,1799,13.0,61,hopper,cgp,14ris99l
6,1099,34.0,61,hopper,cgp,14ris99l
0,299,24.0,61,hopper,cgp,14ris99l
6,3399,20.0,61,hopper,cgp,14ris99l
2,2699,34.0,61,hopper,cgp,14ris99l
7,2699,35.0,61,hopper,cgp,14ris99l
8,2299,26.0,61,hopper,cgp,14ris99l
3,199,40.0,61,hopper,cgp,14ris99l
8,4399,24.0,61,hopper,cgp,14ris99l
8,1199,18.0,61,hopper,cgp,14ris99l
3,1299,37.0,61,hopper,cgp,14ris99l
1,899,18.0,61,hopper,cgp,14ris99l
1,3299,15.0,61,hopper,cgp,14ris99l
1,2299,19.0,61,hopper,cgp,14ris99l
8,3299,24.0,61,hopper,cgp,14ris99l
4,2199,23.0,61,hopper,cgp,14ris99l
6,2899,37.0,61,hopper,cgp,14ris99l
5,3099,16.0,61,hopper,cgp,14ris99l
6,1399,35.0,61,hopper,cgp,14ris99l
1,3799,23.0,61,hopper,cgp,14ris99l
8,99,34.0,61,hopper,cgp,14ris99l
2,2799,40.0,61,hopper,cgp,14ris99l
3,1199,37.0,61,hopper,cgp,14ris99l
9,3299,41.0,61,hopper,cgp,14ris99l
7,699,26.0,61,hopper,cgp,14ris99l
2,499,13.0,61,hopper,cgp,14ris99l
4,3799,29.0,61,hopper,cgp,14ris99l
3,1599,36.0,61,hopper,cgp,14ris99l
3,299,25.0,61,hopper,cgp,14ris99l
5,4899,44.0,61,hopper,cgp,14ris99l
7,599,25.0,61,hopper,cgp,14ris99l
2,2399,19.0,61,hopper,cgp,14ris99l
5,1899,19.0,61,hopper,cgp,14ris99l
8,2899,28.0,61,hopper,cgp,14ris99l
4,4199,36.0,61,hopper,cgp,14ris99l
4,4299,20.0,61,hopper,cgp,14ris99l
9,499,32.0,61,hopper,cgp,14ris99l
3,3099,34.0,61,hopper,cgp,14ris99l
6,4099,33.0,61,hopper,cgp,14ris99l
5,1299,17.0,61,hopper,cgp,14ris99l
3,499,19.0,61,hopper,cgp,14ris99l
3,1799,35.0,61,hopper,cgp,14ris99l
4,2099,18.0,61,hopper,cgp,14ris99l
9,2399,29.0,61,hopper,cgp,14ris99l
3,2099,37.0,61,hopper,cgp,14ris99l
9,4099,23.0,61,hopper,cgp,14ris99l
4,2599,22.0,61,hopper,cgp,14ris99l
6,299,26.0,61,hopper,cgp,14ris99l
3,1399,36.0,61,hopper,cgp,14ris99l
9,999,36.0,61,hopper,cgp,14ris99l
2,1299,14.0,61,hopper,cgp,14ris99l
3,2299,34.0,61,hopper,cgp,14ris99l
3,4699,26.0,61,hopper,cgp,14ris99l
1,1199,18.0,61,hopper,cgp,14ris99l
5,1099,23.0,61,hopper,cgp,14ris99l
4,4899,32.0,61,hopper,cgp,14ris99l
9,199,23.0,61,hopper,cgp,14ris99l
2,3599,35.0,61,hopper,cgp,14ris99l
7,1599,38.0,61,hopper,cgp,14ris99l
6,2499,47.0,61,hopper,cgp,14ris99l
3,3399,27.0,61,hopper,cgp,14ris99l
2,1599,13.0,61,hopper,cgp,14ris99l
2,1399,15.0,61,hopper,cgp,14ris99l
0,3199,29.0,61,hopper,cgp,14ris99l
9,3499,31.0,61,hopper,cgp,14ris99l
5,1399,34.0,61,hopper,cgp,14ris99l
8,3499,36.0,61,hopper,cgp,14ris99l
1,999,26.0,61,hopper,cgp,14ris99l
4,1999,19.0,61,hopper,cgp,14ris99l
5,1199,13.0,61,hopper,cgp,14ris99l
5,1799,40.0,61,hopper,cgp,14ris99l
6,799,34.0,61,hopper,cgp,14ris99l
3,3299,30.0,61,hopper,cgp,14ris99l
0,4499,41.0,61,hopper,cgp,14ris99l
0,899,15.0,61,hopper,cgp,14ris99l
9,99,33.0,61,hopper,cgp,14ris99l
7,3399,36.0,61,hopper,cgp,14ris99l
4,2499,15.0,61,hopper,cgp,14ris99l
4,1099,39.0,61,hopper,cgp,14ris99l
9,1599,21.0,61,hopper,cgp,14ris99l
3,4799,37.0,61,hopper,cgp,14ris99l
9,1099,39.0,61,hopper,cgp,14ris99l
5,1599,29.0,61,hopper,cgp,14ris99l
4,1599,39.0,61,hopper,cgp,14ris99l
7,499,23.0,61,hopper,cgp,14ris99l
4,899,26.0,61,hopper,cgp,14ris99l
4,4699,33.0,61,hopper,cgp,14ris99l
0,499,31.0,61,hopper,cgp,14ris99l
6,2099,47.0,61,hopper,cgp,14ris99l
1,3899,28.0,61,hopper,cgp,14ris99l
1,2199,32.0,61,hopper,cgp,14ris99l
8,4899,43.0,61,hopper,cgp,14ris99l
7,4699,29.0,61,hopper,cgp,14ris99l
2,1099,13.0,61,hopper,cgp,14ris99l
6,1199,35.0,61,hopper,cgp,14ris99l
9,1699,34.0,61,hopper,cgp,14ris99l
0,3899,32.0,61,hopper,cgp,14ris99l
9,4799,15.0,61,hopper,cgp,14ris99l
7,799,27.0,61,hopper,cgp,14ris99l
3,2899,41.0,61,hopper,cgp,14ris99l
0,3499,30.0,61,hopper,cgp,14ris99l
1,2099,28.0,61,hopper,cgp,14ris99l
2,3999,37.0,61,hopper,cgp,14ris99l
0,1499,35.0,61,hopper,cgp,14ris99l
0,999,32.0,61,hopper,cgp,14ris99l
6,3099,31.0,61,hopper,cgp,14ris99l
1,299,26.0,61,hopper,cgp,14ris99l
8,2499,31.0,61,hopper,cgp,14ris99l
5,4499,18.0,61,hopper,cgp,14ris99l
6,4599,35.0,61,hopper,cgp,14ris99l
0,3999,33.0,61,hopper,cgp,14ris99l
3,1099,37.0,61,hopper,cgp,14ris99l
0,1999,18.0,61,hopper,cgp,14ris99l
2,2199,13.0,61,hopper,cgp,14ris99l
5,2399,36.0,61,hopper,cgp,14ris99l
5,3499,24.0,61,hopper,cgp,14ris99l
1,4199,21.0,61,hopper,cgp,14ris99l
7,4099,30.0,61,hopper,cgp,14ris99l
2,3499,22.0,61,hopper,cgp,14ris99l
0,3599,24.0,61,hopper,cgp,14ris99l
8,1799,19.0,61,hopper,cgp,14ris99l
5,3899,36.0,61,hopper,cgp,14ris99l
8,3999,30.0,61,hopper,cgp,14ris99l
1,2899,17.0,61,hopper,cgp,14ris99l
0,699,39.0,61,hopper,cgp,14ris99l
3,3899,36.0,61,hopper,cgp,14ris99l
7,3799,38.0,61,hopper,cgp,14ris99l
7,4199,30.0,61,hopper,cgp,14ris99l
8,2699,36.0,61,hopper,cgp,14ris99l
2,3399,16.0,61,hopper,cgp,14ris99l
7,3699,39.0,61,hopper,cgp,14ris99l
9,4599,45.0,61,hopper,cgp,14ris99l
7,2099,29.0,61,hopper,cgp,14ris99l
8,3699,14.0,61,hopper,cgp,14ris99l
0,2199,25.0,61,hopper,cgp,14ris99l
6,1899,38.0,61,hopper,cgp,14ris99l
9,1999,32.0,61,hopper,cgp,14ris99l
6,699,32.0,61,hopper,cgp,14ris99l
0,2499,13.0,61,hopper,cgp,14ris99l
0,2899,39.0,61,hopper,cgp,14ris99l
3,899,33.0,61,hopper,cgp,14ris99l
7,299,36.0,61,hopper,cgp,14ris99l
9,1199,27.0,61,hopper,cgp,14ris99l
0,4099,33.0,61,hopper,cgp,14ris99l
0,4199,30.0,61,hopper,cgp,14ris99l
9,1299,24.0,61,hopper,cgp,14ris99l
2,1999,12.0,61,hopper,cgp,14ris99l
6,999,35.0,61,hopper,cgp,14ris99l
2,899,32.0,61,hopper,cgp,14ris99l
7,1799,39.0,61,hopper,cgp,14ris99l
0,2999,45.0,61,hopper,cgp,14ris99l
8,3399,29.0,61,hopper,cgp,14ris99l
3,2799,35.0,61,hopper,cgp,14ris99l
1,599,19.0,61,hopper,cgp,14ris99l
5,3299,33.0,61,hopper,cgp,14ris99l
5,199,39.0,61,hopper,cgp,14ris99l
3,999,37.0,61,hopper,cgp,14ris99l
7,4999,29.0,61,hopper,cgp,14ris99l
7,2899,40.0,61,hopper,cgp,14ris99l
4,3999,31.0,61,hopper,cgp,14ris99l
6,2599,38.0,61,hopper,cgp,14ris99l
1,4499,26.0,61,hopper,cgp,14ris99l
4,2799,17.0,61,hopper,cgp,14ris99l
1,1099,20.0,61,hopper,cgp,14ris99l
9,4699,31.0,61,hopper,cgp,14ris99l
7,3299,38.0,61,hopper,cgp,14ris99l
3,2599,35.0,61,hopper,cgp,14ris99l
7,1299,26.0,61,hopper,cgp,14ris99l
1,2599,26.0,61,hopper,cgp,14ris99l
0,4799,38.0,61,hopper,cgp,14ris99l
6,4799,42.0,61,hopper,cgp,14ris99l
9,299,34.0,61,hopper,cgp,14ris99l
6,2799,34.0,61,hopper,cgp,14ris99l
2,999,33.0,61,hopper,cgp,14ris99l
3,399,19.0,61,hopper,cgp,14ris99l
9,3099,22.0,61,hopper,cgp,14ris99l
3,4099,34.0,61,hopper,cgp,14ris99l
1,4999,29.0,61,hopper,cgp,14ris99l
9,799,39.0,61,hopper,cgp,14ris99l
2,3199,27.0,61,hopper,cgp,14ris99l
