iteration,front_size,reward,simplicity,seed,environment,solver
0,1,368.55194,0.8333333,4,inverted_double_pendulum,cgp
1,1,368.55194,0.8333333,4,inverted_double_pendulum,cgp
2,2,368.55194,0.8333333,4,inverted_double_pendulum,cgp
2,2,502.37622,0.7833333,4,inverted_double_pendulum,cgp
3,2,368.55194,0.8333333,4,inverted_double_pendulum,cgp
3,2,652.6615,0.81666666,4,inverted_double_pendulum,cgp
4,2,652.6615,0.81666666,4,inverted_double_pendulum,cgp
4,2,377.74622,0.8333333,4,inverted_double_pendulum,cgp
5,2,652.6615,0.81666666,4,inverted_double_pendulum,cgp
5,2,397.42215,0.8333333,4,inverted_double_pendulum,cgp
6,2,652.6615,0.81666666,4,inverted_double_pendulum,cgp
6,2,397.42215,0.8333333,4,inverted_double_pendulum,cgp
7,2,652.6615,0.81666666,4,inverted_double_pendulum,cgp
7,2,406.62827,0.8333333,4,inverted_double_pendulum,cgp
8,2,406.62827,0.8333333,4,inverted_double_pendulum,cgp
8,2,767.16516,0.81666666,4,inverted_double_pendulum,cgp
9,2,406.62827,0.8333333,4,inverted_double_pendulum,cgp
9,2,766.18933,0.81666666,4,inverted_double_pendulum,cgp
10,2,406.62827,0.8333333,4,inverted_double_pendulum,cgp
10,2,766.18933,0.81666666,4,inverted_double_pendulum,cgp
11,2,770.6253,0.8333333,4,inverted_double_pendulum,cgp
11,2,803.5402,0.81666666,4,inverted_double_pendulum,cgp
12,2,770.6253,0.8333333,4,inverted_double_pendulum,cgp
12,2,803.5402,0.81666666,4,inverted_double_pendulum,cgp
13,2,770.6253,0.8333333,4,inverted_double_pendulum,cgp
13,2,803.5402,0.81666666,4,inverted_double_pendulum,cgp
14,2,770.6253,0.8333333,4,inverted_double_pendulum,cgp
14,2,803.5402,0.81666666,4,inverted_double_pendulum,cgp
15,2,803.5402,0.81666666,4,inverted_double_pendulum,cgp
15,2,785.71063,0.8333333,4,inverted_double_pendulum,cgp
16,1,785.71063,0.8333333,4,inverted_double_pendulum,cgp
17,1,802.7322,0.8333333,4,inverted_double_pendulum,cgp
18,1,785.71063,0.8333333,4,inverted_double_pendulum,cgp
19,1,795.90875,0.8333333,4,inverted_double_pendulum,cgp
20,1,837.92664,0.8333333,4,inverted_double_pendulum,cgp
21,1,795.90875,0.8333333,4,inverted_double_pendulum,cgp
22,1,786.2483,0.8333333,4,inverted_double_pendulum,cgp
23,1,786.2483,0.8333333,4,inverted_double_pendulum,cgp
24,1,794.02765,0.8333333,4,inverted_double_pendulum,cgp
25,1,829.3983,0.8333333,4,inverted_double_pendulum,cgp
26,1,829.3983,0.8333333,4,inverted_double_pendulum,cgp
27,1,801.35236,0.8333333,4,inverted_double_pendulum,cgp
28,1,794.02765,0.8333333,4,inverted_double_pendulum,cgp
29,1,794.02765,0.8333333,4,inverted_double_pendulum,cgp
30,1,814.3101,0.8333333,4,inverted_double_pendulum,cgp
31,1,804.25726,0.8333333,4,inverted_double_pendulum,cgp
32,1,794.02765,0.8333333,4,inverted_double_pendulum,cgp
33,1,824.1883,0.8333333,4,inverted_double_pendulum,cgp
34,1,824.1883,0.8333333,4,inverted_double_pendulum,cgp
35,1,824.345,0.8333333,4,inverted_double_pendulum,cgp
36,1,843.079,0.8333333,4,inverted_double_pendulum,cgp
37,1,837.3643,0.8333333,4,inverted_double_pendulum,cgp
38,1,837.3643,0.8333333,4,inverted_double_pendulum,cgp
39,1,832.9934,0.8333333,4,inverted_double_pendulum,cgp
40,1,832.9934,0.8333333,4,inverted_double_pendulum,cgp
41,1,812.6039,0.8333333,4,inverted_double_pendulum,cgp
42,1,812.6039,0.8333333,4,inverted_double_pendulum,cgp
43,1,812.6039,0.8333333,4,inverted_double_pendulum,cgp
44,1,812.6039,0.8333333,4,inverted_double_pendulum,cgp
45,1,833.7043,0.8333333,4,inverted_double_pendulum,cgp
46,1,833.7043,0.8333333,4,inverted_double_pendulum,cgp
47,1,839.44037,0.8333333,4,inverted_double_pendulum,cgp
48,1,833.7043,0.8333333,4,inverted_double_pendulum,cgp
49,1,819.2785,0.8333333,4,inverted_double_pendulum,cgp
50,2,819.2785,0.8333333,4,inverted_double_pendulum,cgp
50,2,843.0134,0.81666666,4,inverted_double_pendulum,cgp
51,2,843.0134,0.81666666,4,inverted_double_pendulum,cgp
51,2,842.3403,0.8333333,4,inverted_double_pendulum,cgp
52,2,843.0134,0.81666666,4,inverted_double_pendulum,cgp
52,2,842.3403,0.8333333,4,inverted_double_pendulum,cgp
53,1,842.3403,0.8333333,4,inverted_double_pendulum,cgp
54,1,829.9468,0.8333333,4,inverted_double_pendulum,cgp
55,1,829.9468,0.8333333,4,inverted_double_pendulum,cgp
56,1,829.9468,0.8333333,4,inverted_double_pendulum,cgp
57,1,824.0022,0.8333333,4,inverted_double_pendulum,cgp
58,1,824.0022,0.8333333,4,inverted_double_pendulum,cgp
59,1,824.0022,0.8333333,4,inverted_double_pendulum,cgp
60,1,819.2785,0.8333333,4,inverted_double_pendulum,cgp
61,1,805.41656,0.8333333,4,inverted_double_pendulum,cgp
62,1,824.2499,0.8333333,4,inverted_double_pendulum,cgp
63,1,824.2499,0.8333333,4,inverted_double_pendulum,cgp
64,1,819.2978,0.8333333,4,inverted_double_pendulum,cgp
65,1,819.2978,0.8333333,4,inverted_double_pendulum,cgp
66,1,811.367,0.8333333,4,inverted_double_pendulum,cgp
67,1,811.367,0.8333333,4,inverted_double_pendulum,cgp
68,1,811.367,0.8333333,4,inverted_double_pendulum,cgp
69,1,822.24023,0.8333333,4,inverted_double_pendulum,cgp
70,1,822.24023,0.8333333,4,inverted_double_pendulum,cgp
71,1,861.46326,0.8333333,4,inverted_double_pendulum,cgp
72,1,838.6064,0.8333333,4,inverted_double_pendulum,cgp
73,1,831.0702,0.8333333,4,inverted_double_pendulum,cgp
74,1,831.0702,0.8333333,4,inverted_double_pendulum,cgp
75,1,831.0702,0.8333333,4,inverted_double_pendulum,cgp
76,1,831.0702,0.8333333,4,inverted_double_pendulum,cgp
77,1,822.24023,0.8333333,4,inverted_double_pendulum,cgp
78,1,822.24023,0.8333333,4,inverted_double_pendulum,cgp
79,1,822.24023,0.8333333,4,inverted_double_pendulum,cgp
80,1,822.24023,0.8333333,4,inverted_double_pendulum,cgp
81,1,822.24023,0.8333333,4,inverted_double_pendulum,cgp
82,1,822.24023,0.8333333,4,inverted_double_pendulum,cgp
83,1,819.592,0.8333333,4,inverted_double_pendulum,cgp
84,1,819.592,0.8333333,4,inverted_double_pendulum,cgp
85,1,810.92017,0.8333333,4,inverted_double_pendulum,cgp
86,1,810.92017,0.8333333,4,inverted_double_pendulum,cgp
87,1,805.3215,0.8333333,4,inverted_double_pendulum,cgp
88,1,805.3215,0.8333333,4,inverted_double_pendulum,cgp
89,1,833.10547,0.8333333,4,inverted_double_pendulum,cgp
90,1,833.10547,0.8333333,4,inverted_double_pendulum,cgp
91,1,833.10547,0.8333333,4,inverted_double_pendulum,cgp
92,1,833.10547,0.8333333,4,inverted_double_pendulum,cgp
93,1,833.10547,0.8333333,4,inverted_double_pendulum,cgp
94,1,833.10547,0.8333333,4,inverted_double_pendulum,cgp
95,1,833.10547,0.8333333,4,inverted_double_pendulum,cgp
96,1,833.88385,0.8333333,4,inverted_double_pendulum,cgp
97,1,833.88385,0.8333333,4,inverted_double_pendulum,cgp
98,1,833.88385,0.8333333,4,inverted_double_pendulum,cgp
99,1,833.88385,0.8333333,4,inverted_double_pendulum,cgp
100,1,832.7623,0.8333333,4,inverted_double_pendulum,cgp
101,1,832.7623,0.8333333,4,inverted_double_pendulum,cgp
102,1,840.44696,0.8333333,4,inverted_double_pendulum,cgp
103,1,832.7623,0.8333333,4,inverted_double_pendulum,cgp
104,1,852.5173,0.8333333,4,inverted_double_pendulum,cgp
105,1,832.7623,0.8333333,4,inverted_double_pendulum,cgp
106,1,857.5349,0.8333333,4,inverted_double_pendulum,cgp
107,1,857.5349,0.8333333,4,inverted_double_pendulum,cgp
108,1,849.74615,0.8333333,4,inverted_double_pendulum,cgp
109,1,832.7623,0.8333333,4,inverted_double_pendulum,cgp
110,1,819.9707,0.8333333,4,inverted_double_pendulum,cgp
111,1,818.56616,0.8333333,4,inverted_double_pendulum,cgp
112,1,808.11475,0.8333333,4,inverted_double_pendulum,cgp
113,1,808.11475,0.8333333,4,inverted_double_pendulum,cgp
114,1,820.9292,0.8333333,4,inverted_double_pendulum,cgp
115,1,820.9292,0.8333333,4,inverted_double_pendulum,cgp
116,1,820.9292,0.8333333,4,inverted_double_pendulum,cgp
117,1,813.7553,0.8333333,4,inverted_double_pendulum,cgp
118,1,813.7553,0.8333333,4,inverted_double_pendulum,cgp
119,1,813.7553,0.8333333,4,inverted_double_pendulum,cgp
120,1,808.11475,0.8333333,4,inverted_double_pendulum,cgp
121,1,821.57263,0.8333333,4,inverted_double_pendulum,cgp
122,1,821.57263,0.8333333,4,inverted_double_pendulum,cgp
123,1,821.57263,0.8333333,4,inverted_double_pendulum,cgp
124,1,821.57263,0.8333333,4,inverted_double_pendulum,cgp
125,1,821.57263,0.8333333,4,inverted_double_pendulum,cgp
126,1,815.0248,0.8333333,4,inverted_double_pendulum,cgp
127,1,815.0248,0.8333333,4,inverted_double_pendulum,cgp
128,1,815.0248,0.8333333,4,inverted_double_pendulum,cgp
129,1,815.0248,0.8333333,4,inverted_double_pendulum,cgp
130,1,833.87366,0.8333333,4,inverted_double_pendulum,cgp
131,1,815.0248,0.8333333,4,inverted_double_pendulum,cgp
132,1,813.4993,0.8333333,4,inverted_double_pendulum,cgp
133,1,805.5096,0.8333333,4,inverted_double_pendulum,cgp
134,1,805.5096,0.8333333,4,inverted_double_pendulum,cgp
135,1,805.5096,0.8333333,4,inverted_double_pendulum,cgp
136,1,805.5096,0.8333333,4,inverted_double_pendulum,cgp
137,1,842.9586,0.8333333,4,inverted_double_pendulum,cgp
138,1,827.95123,0.8333333,4,inverted_double_pendulum,cgp
139,1,827.95123,0.8333333,4,inverted_double_pendulum,cgp
140,1,827.95123,0.8333333,4,inverted_double_pendulum,cgp
141,1,827.95123,0.8333333,4,inverted_double_pendulum,cgp
142,1,833.7096,0.8333333,4,inverted_double_pendulum,cgp
143,1,871.8381,0.8333333,4,inverted_double_pendulum,cgp
144,1,871.8381,0.8333333,4,inverted_double_pendulum,cgp
145,1,871.8381,0.8333333,4,inverted_double_pendulum,cgp
146,1,871.8381,0.8333333,4,inverted_double_pendulum,cgp
147,1,871.8381,0.8333333,4,inverted_double_pendulum,cgp
148,1,871.8381,0.8333333,4,inverted_double_pendulum,cgp
149,1,871.8381,0.8333333,4,inverted_double_pendulum,cgp
150,1,871.8381,0.8333333,4,inverted_double_pendulum,cgp
151,1,871.6056,0.8333333,4,inverted_double_pendulum,cgp
152,1,833.7096,0.8333333,4,inverted_double_pendulum,cgp
153,1,833.7096,0.8333333,4,inverted_double_pendulum,cgp
154,1,833.7096,0.8333333,4,inverted_double_pendulum,cgp
155,1,833.7096,0.8333333,4,inverted_double_pendulum,cgp
156,1,833.7096,0.8333333,4,inverted_double_pendulum,cgp
157,1,833.7096,0.8333333,4,inverted_double_pendulum,cgp
158,1,822.39374,0.8333333,4,inverted_double_pendulum,cgp
159,1,822.39374,0.8333333,4,inverted_double_pendulum,cgp
160,1,822.39374,0.8333333,4,inverted_double_pendulum,cgp
161,1,822.39374,0.8333333,4,inverted_double_pendulum,cgp
162,1,820.76215,0.8333333,4,inverted_double_pendulum,cgp
163,1,809.5834,0.8333333,4,inverted_double_pendulum,cgp
164,1,793.735,0.8333333,4,inverted_double_pendulum,cgp
165,1,804.2455,0.8333333,4,inverted_double_pendulum,cgp
166,1,804.2455,0.8333333,4,inverted_double_pendulum,cgp
167,1,804.94415,0.8333333,4,inverted_double_pendulum,cgp
168,1,804.94415,0.8333333,4,inverted_double_pendulum,cgp
169,1,803.0814,0.8333333,4,inverted_double_pendulum,cgp
170,1,803.0814,0.8333333,4,inverted_double_pendulum,cgp
171,1,824.0176,0.8333333,4,inverted_double_pendulum,cgp
172,1,814.44617,0.8333333,4,inverted_double_pendulum,cgp
173,1,814.44617,0.8333333,4,inverted_double_pendulum,cgp
174,1,814.44617,0.8333333,4,inverted_double_pendulum,cgp
175,1,814.5399,0.8333333,4,inverted_double_pendulum,cgp
176,1,820.8755,0.8333333,4,inverted_double_pendulum,cgp
177,1,820.8755,0.8333333,4,inverted_double_pendulum,cgp
178,1,820.8755,0.8333333,4,inverted_double_pendulum,cgp
179,1,824.5963,0.8333333,4,inverted_double_pendulum,cgp
180,1,824.5963,0.8333333,4,inverted_double_pendulum,cgp
181,1,812.2436,0.8333333,4,inverted_double_pendulum,cgp
182,1,813.89246,0.8333333,4,inverted_double_pendulum,cgp
183,1,814.531,0.8333333,4,inverted_double_pendulum,cgp
184,1,814.531,0.8333333,4,inverted_double_pendulum,cgp
185,1,823.32697,0.8333333,4,inverted_double_pendulum,cgp
186,1,823.32697,0.8333333,4,inverted_double_pendulum,cgp
187,1,870.6723,0.8333333,4,inverted_double_pendulum,cgp
188,1,862.43085,0.8333333,4,inverted_double_pendulum,cgp
189,1,862.43085,0.8333333,4,inverted_double_pendulum,cgp
190,1,862.43085,0.8333333,4,inverted_double_pendulum,cgp
191,1,823.32697,0.8333333,4,inverted_double_pendulum,cgp
192,1,823.32697,0.8333333,4,inverted_double_pendulum,cgp
193,1,823.32697,0.8333333,4,inverted_double_pendulum,cgp
194,1,823.32697,0.8333333,4,inverted_double_pendulum,cgp
195,1,823.32697,0.8333333,4,inverted_double_pendulum,cgp
196,1,823.32697,0.8333333,4,inverted_double_pendulum,cgp
197,1,823.32697,0.8333333,4,inverted_double_pendulum,cgp
198,1,832.01355,0.8333333,4,inverted_double_pendulum,cgp
199,1,832.01355,0.8333333,4,inverted_double_pendulum,cgp
200,1,823.32697,0.8333333,4,inverted_double_pendulum,cgp
201,1,812.4276,0.8333333,4,inverted_double_pendulum,cgp
202,1,812.4276,0.8333333,4,inverted_double_pendulum,cgp
203,1,802.9891,0.8333333,4,inverted_double_pendulum,cgp
204,1,802.9891,0.8333333,4,inverted_double_pendulum,cgp
205,1,802.9891,0.8333333,4,inverted_double_pendulum,cgp
206,1,802.9891,0.8333333,4,inverted_double_pendulum,cgp
207,1,802.9891,0.8333333,4,inverted_double_pendulum,cgp
208,1,802.9891,0.8333333,4,inverted_double_pendulum,cgp
209,1,804.1864,0.8333333,4,inverted_double_pendulum,cgp
210,1,804.1864,0.8333333,4,inverted_double_pendulum,cgp
211,1,808.5899,0.8333333,4,inverted_double_pendulum,cgp
212,1,814.9048,0.8333333,4,inverted_double_pendulum,cgp
213,1,808.5899,0.8333333,4,inverted_double_pendulum,cgp
214,1,808.5899,0.8333333,4,inverted_double_pendulum,cgp
215,1,814.83496,0.8333333,4,inverted_double_pendulum,cgp
216,1,814.83496,0.8333333,4,inverted_double_pendulum,cgp
217,1,808.5899,0.8333333,4,inverted_double_pendulum,cgp
218,1,808.5899,0.8333333,4,inverted_double_pendulum,cgp
219,1,823.92676,0.8333333,4,inverted_double_pendulum,cgp
220,1,820.5309,0.8333333,4,inverted_double_pendulum,cgp
221,1,820.5309,0.8333333,4,inverted_double_pendulum,cgp
222,1,808.5899,0.8333333,4,inverted_double_pendulum,cgp
223,1,808.5899,0.8333333,4,inverted_double_pendulum,cgp
224,1,794.32526,0.8333333,4,inverted_double_pendulum,cgp
225,1,785.6556,0.8333333,4,inverted_double_pendulum,cgp
226,1,841.54987,0.8333333,4,inverted_double_pendulum,cgp
227,1,833.7975,0.8333333,4,inverted_double_pendulum,cgp
228,1,824.29114,0.8333333,4,inverted_double_pendulum,cgp
229,1,824.29114,0.8333333,4,inverted_double_pendulum,cgp
230,1,824.29114,0.8333333,4,inverted_double_pendulum,cgp
231,1,837.86194,0.8333333,4,inverted_double_pendulum,cgp
232,1,824.29114,0.8333333,4,inverted_double_pendulum,cgp
233,1,824.419,0.8333333,4,inverted_double_pendulum,cgp
234,1,824.419,0.8333333,4,inverted_double_pendulum,cgp
235,1,824.419,0.8333333,4,inverted_double_pendulum,cgp
236,1,824.419,0.8333333,4,inverted_double_pendulum,cgp
237,1,824.419,0.8333333,4,inverted_double_pendulum,cgp
238,1,824.419,0.8333333,4,inverted_double_pendulum,cgp
239,1,828.5949,0.8333333,4,inverted_double_pendulum,cgp
240,1,823.2664,0.8333333,4,inverted_double_pendulum,cgp
241,1,823.2664,0.8333333,4,inverted_double_pendulum,cgp
242,1,812.66925,0.8333333,4,inverted_double_pendulum,cgp
243,1,834.14075,0.8333333,4,inverted_double_pendulum,cgp
244,1,814.603,0.8333333,4,inverted_double_pendulum,cgp
245,1,814.603,0.8333333,4,inverted_double_pendulum,cgp
246,1,842.52136,0.8333333,4,inverted_double_pendulum,cgp
247,1,814.603,0.8333333,4,inverted_double_pendulum,cgp
248,1,842.9434,0.8333333,4,inverted_double_pendulum,cgp
249,1,814.603,0.8333333,4,inverted_double_pendulum,cgp
250,1,814.603,0.8333333,4,inverted_double_pendulum,cgp
251,1,814.603,0.8333333,4,inverted_double_pendulum,cgp
252,1,794.33203,0.8333333,4,inverted_double_pendulum,cgp
253,1,802.49915,0.8333333,4,inverted_double_pendulum,cgp
254,1,802.49915,0.8333333,4,inverted_double_pendulum,cgp
255,1,789.37573,0.8333333,4,inverted_double_pendulum,cgp
256,1,820.39844,0.8333333,4,inverted_double_pendulum,cgp
257,1,820.39844,0.8333333,4,inverted_double_pendulum,cgp
258,1,822.98895,0.8333333,4,inverted_double_pendulum,cgp
259,1,812.38885,0.8333333,4,inverted_double_pendulum,cgp
260,1,812.38885,0.8333333,4,inverted_double_pendulum,cgp
261,1,798.86237,0.8333333,4,inverted_double_pendulum,cgp
262,1,798.86237,0.8333333,4,inverted_double_pendulum,cgp
263,1,800.646,0.8333333,4,inverted_double_pendulum,cgp
264,1,800.646,0.8333333,4,inverted_double_pendulum,cgp
265,1,849.1738,0.8333333,4,inverted_double_pendulum,cgp
266,1,812.84845,0.8333333,4,inverted_double_pendulum,cgp
267,1,812.84845,0.8333333,4,inverted_double_pendulum,cgp
268,1,814.6988,0.8333333,4,inverted_double_pendulum,cgp
269,1,812.84845,0.8333333,4,inverted_double_pendulum,cgp
270,1,812.84845,0.8333333,4,inverted_double_pendulum,cgp
271,1,831.23944,0.8333333,4,inverted_double_pendulum,cgp
272,1,831.23944,0.8333333,4,inverted_double_pendulum,cgp
273,1,831.23944,0.8333333,4,inverted_double_pendulum,cgp
274,1,831.23944,0.8333333,4,inverted_double_pendulum,cgp
275,1,812.84845,0.8333333,4,inverted_double_pendulum,cgp
276,1,812.84845,0.8333333,4,inverted_double_pendulum,cgp
277,1,804.5303,0.8333333,4,inverted_double_pendulum,cgp
278,1,804.5303,0.8333333,4,inverted_double_pendulum,cgp
279,1,795.5392,0.8333333,4,inverted_double_pendulum,cgp
280,1,814.8768,0.8333333,4,inverted_double_pendulum,cgp
281,1,804.18085,0.8333333,4,inverted_double_pendulum,cgp
282,1,804.18085,0.8333333,4,inverted_double_pendulum,cgp
283,1,804.18085,0.8333333,4,inverted_double_pendulum,cgp
284,1,804.8522,0.8333333,4,inverted_double_pendulum,cgp
285,1,805.1462,0.8333333,4,inverted_double_pendulum,cgp
286,1,805.1462,0.8333333,4,inverted_double_pendulum,cgp
287,1,805.1462,0.8333333,4,inverted_double_pendulum,cgp
288,1,833.007,0.8333333,4,inverted_double_pendulum,cgp
289,1,852.5476,0.8333333,4,inverted_double_pendulum,cgp
290,1,833.007,0.8333333,4,inverted_double_pendulum,cgp
291,1,832.1562,0.8333333,4,inverted_double_pendulum,cgp
292,1,832.1562,0.8333333,4,inverted_double_pendulum,cgp
293,1,823.23047,0.8333333,4,inverted_double_pendulum,cgp
294,1,812.50684,0.8333333,4,inverted_double_pendulum,cgp
295,1,812.50684,0.8333333,4,inverted_double_pendulum,cgp
296,1,804.9851,0.8333333,4,inverted_double_pendulum,cgp
297,1,822.5856,0.8333333,4,inverted_double_pendulum,cgp
298,1,804.9851,0.8333333,4,inverted_double_pendulum,cgp
299,1,804.9851,0.8333333,4,inverted_double_pendulum,cgp
300,1,800.91815,0.8333333,4,inverted_double_pendulum,cgp
301,1,793.20996,0.8333333,4,inverted_double_pendulum,cgp
302,1,811.22833,0.8333333,4,inverted_double_pendulum,cgp
303,1,811.22833,0.8333333,4,inverted_double_pendulum,cgp
304,1,811.22833,0.8333333,4,inverted_double_pendulum,cgp
305,1,811.22833,0.8333333,4,inverted_double_pendulum,cgp
306,1,795.65845,0.8333333,4,inverted_double_pendulum,cgp
307,1,800.6813,0.8333333,4,inverted_double_pendulum,cgp
308,1,800.6813,0.8333333,4,inverted_double_pendulum,cgp
309,1,813.5917,0.8333333,4,inverted_double_pendulum,cgp
310,1,847.14825,0.8333333,4,inverted_double_pendulum,cgp
311,1,847.14825,0.8333333,4,inverted_double_pendulum,cgp
312,1,813.5917,0.8333333,4,inverted_double_pendulum,cgp
313,1,833.8064,0.8333333,4,inverted_double_pendulum,cgp
314,1,813.5917,0.8333333,4,inverted_double_pendulum,cgp
315,1,810.4858,0.8333333,4,inverted_double_pendulum,cgp
316,1,822.66705,0.8333333,4,inverted_double_pendulum,cgp
317,1,810.4858,0.8333333,4,inverted_double_pendulum,cgp
318,1,810.4858,0.8333333,4,inverted_double_pendulum,cgp
319,1,810.4858,0.8333333,4,inverted_double_pendulum,cgp
320,1,810.4858,0.8333333,4,inverted_double_pendulum,cgp
321,1,800.3489,0.8333333,4,inverted_double_pendulum,cgp
322,1,812.4538,0.8333333,4,inverted_double_pendulum,cgp
323,1,824.2597,0.8333333,4,inverted_double_pendulum,cgp
324,1,830.2911,0.8333333,4,inverted_double_pendulum,cgp
325,1,824.2597,0.8333333,4,inverted_double_pendulum,cgp
326,1,812.4538,0.8333333,4,inverted_double_pendulum,cgp
327,1,812.4538,0.8333333,4,inverted_double_pendulum,cgp
328,1,813.3575,0.8333333,4,inverted_double_pendulum,cgp
329,1,813.3575,0.8333333,4,inverted_double_pendulum,cgp
330,1,833.0607,0.8333333,4,inverted_double_pendulum,cgp
331,1,828.3687,0.8333333,4,inverted_double_pendulum,cgp
332,1,833.86334,0.8333333,4,inverted_double_pendulum,cgp
333,1,840.9538,0.8333333,4,inverted_double_pendulum,cgp
334,1,833.86334,0.8333333,4,inverted_double_pendulum,cgp
335,1,828.3687,0.8333333,4,inverted_double_pendulum,cgp
336,1,828.3687,0.8333333,4,inverted_double_pendulum,cgp
337,2,1108.5978,0.76666665,4,inverted_double_pendulum,cgp
337,2,833.5777,0.8333333,4,inverted_double_pendulum,cgp
338,2,1108.5978,0.76666665,4,inverted_double_pendulum,cgp
338,2,884.8951,0.8333333,4,inverted_double_pendulum,cgp
339,2,1108.5978,0.76666665,4,inverted_double_pendulum,cgp
339,2,884.8951,0.8333333,4,inverted_double_pendulum,cgp
340,2,1108.5978,0.76666665,4,inverted_double_pendulum,cgp
340,2,884.8951,0.8333333,4,inverted_double_pendulum,cgp
341,2,1108.5978,0.76666665,4,inverted_double_pendulum,cgp
341,2,884.8951,0.8333333,4,inverted_double_pendulum,cgp
342,2,1108.5978,0.76666665,4,inverted_double_pendulum,cgp
342,2,889.79877,0.8333333,4,inverted_double_pendulum,cgp
343,2,1108.5978,0.76666665,4,inverted_double_pendulum,cgp
343,2,889.79877,0.8333333,4,inverted_double_pendulum,cgp
344,2,1108.5978,0.76666665,4,inverted_double_pendulum,cgp
344,2,889.79877,0.8333333,4,inverted_double_pendulum,cgp
345,2,1108.5978,0.76666665,4,inverted_double_pendulum,cgp
345,2,889.79877,0.8333333,4,inverted_double_pendulum,cgp
346,2,1108.5978,0.76666665,4,inverted_double_pendulum,cgp
346,2,889.79877,0.8333333,4,inverted_double_pendulum,cgp
347,2,1108.5978,0.76666665,4,inverted_double_pendulum,cgp
347,2,889.79877,0.8333333,4,inverted_double_pendulum,cgp
348,2,1108.5978,0.76666665,4,inverted_double_pendulum,cgp
348,2,889.79877,0.8333333,4,inverted_double_pendulum,cgp
349,2,1108.5978,0.76666665,4,inverted_double_pendulum,cgp
349,2,889.79877,0.8333333,4,inverted_double_pendulum,cgp
350,2,1108.5978,0.76666665,4,inverted_double_pendulum,cgp
350,2,889.79877,0.8333333,4,inverted_double_pendulum,cgp
351,2,1108.5978,0.76666665,4,inverted_double_pendulum,cgp
351,2,889.79877,0.8333333,4,inverted_double_pendulum,cgp
352,2,1108.5978,0.76666665,4,inverted_double_pendulum,cgp
352,2,889.79877,0.8333333,4,inverted_double_pendulum,cgp
353,2,1108.5978,0.76666665,4,inverted_double_pendulum,cgp
353,2,945.12006,0.8333333,4,inverted_double_pendulum,cgp
354,2,1108.5978,0.76666665,4,inverted_double_pendulum,cgp
354,2,945.12006,0.8333333,4,inverted_double_pendulum,cgp
355,2,1108.5978,0.76666665,4,inverted_double_pendulum,cgp
355,2,945.12006,0.8333333,4,inverted_double_pendulum,cgp
356,2,1108.5978,0.76666665,4,inverted_double_pendulum,cgp
356,2,945.12006,0.8333333,4,inverted_double_pendulum,cgp
357,2,1108.5978,0.76666665,4,inverted_double_pendulum,cgp
357,2,945.12006,0.8333333,4,inverted_double_pendulum,cgp
358,2,1108.5978,0.76666665,4,inverted_double_pendulum,cgp
358,2,945.12006,0.8333333,4,inverted_double_pendulum,cgp
359,2,1108.5978,0.76666665,4,inverted_double_pendulum,cgp
359,2,974.4989,0.8333333,4,inverted_double_pendulum,cgp
360,2,1108.5978,0.76666665,4,inverted_double_pendulum,cgp
360,2,974.4989,0.8333333,4,inverted_double_pendulum,cgp
361,2,1108.5978,0.76666665,4,inverted_double_pendulum,cgp
361,2,974.4989,0.8333333,4,inverted_double_pendulum,cgp
362,2,974.4989,0.8333333,4,inverted_double_pendulum,cgp
362,2,1138.1226,0.76666665,4,inverted_double_pendulum,cgp
363,2,1108.5978,0.76666665,4,inverted_double_pendulum,cgp
363,2,974.4989,0.8333333,4,inverted_double_pendulum,cgp
364,2,1108.5978,0.76666665,4,inverted_double_pendulum,cgp
364,2,974.4989,0.8333333,4,inverted_double_pendulum,cgp
365,2,1108.5978,0.76666665,4,inverted_double_pendulum,cgp
365,2,974.4989,0.8333333,4,inverted_double_pendulum,cgp
366,2,1108.5978,0.76666665,4,inverted_double_pendulum,cgp
366,2,974.4989,0.8333333,4,inverted_double_pendulum,cgp
367,2,1108.5978,0.76666665,4,inverted_double_pendulum,cgp
367,2,974.4989,0.8333333,4,inverted_double_pendulum,cgp
368,2,1108.5978,0.76666665,4,inverted_double_pendulum,cgp
368,2,974.4989,0.8333333,4,inverted_double_pendulum,cgp
369,2,1108.5978,0.76666665,4,inverted_double_pendulum,cgp
369,2,974.4989,0.8333333,4,inverted_double_pendulum,cgp
370,2,1108.5978,0.76666665,4,inverted_double_pendulum,cgp
370,2,974.4989,0.8333333,4,inverted_double_pendulum,cgp
371,2,1108.5978,0.76666665,4,inverted_double_pendulum,cgp
371,2,974.4989,0.8333333,4,inverted_double_pendulum,cgp
372,2,1108.5978,0.76666665,4,inverted_double_pendulum,cgp
372,2,974.4989,0.8333333,4,inverted_double_pendulum,cgp
373,2,1108.5978,0.76666665,4,inverted_double_pendulum,cgp
373,2,974.4989,0.8333333,4,inverted_double_pendulum,cgp
374,2,1108.5978,0.76666665,4,inverted_double_pendulum,cgp
374,2,974.4989,0.8333333,4,inverted_double_pendulum,cgp
375,2,1108.5978,0.76666665,4,inverted_double_pendulum,cgp
375,2,974.4989,0.8333333,4,inverted_double_pendulum,cgp
376,2,974.4989,0.8333333,4,inverted_double_pendulum,cgp
376,2,1174.5879,0.76666665,4,inverted_double_pendulum,cgp
377,2,1108.5978,0.76666665,4,inverted_double_pendulum,cgp
377,2,974.4989,0.8333333,4,inverted_double_pendulum,cgp
378,2,1108.5978,0.76666665,4,inverted_double_pendulum,cgp
378,2,974.4989,0.8333333,4,inverted_double_pendulum,cgp
379,2,1108.5978,0.76666665,4,inverted_double_pendulum,cgp
379,2,974.4989,0.8333333,4,inverted_double_pendulum,cgp
380,2,974.4989,0.8333333,4,inverted_double_pendulum,cgp
380,2,1155.4152,0.76666665,4,inverted_double_pendulum,cgp
381,2,974.4989,0.8333333,4,inverted_double_pendulum,cgp
381,2,1118.5891,0.76666665,4,inverted_double_pendulum,cgp
382,2,1108.5978,0.76666665,4,inverted_double_pendulum,cgp
382,2,974.4989,0.8333333,4,inverted_double_pendulum,cgp
383,2,974.4989,0.8333333,4,inverted_double_pendulum,cgp
383,2,1117.4932,0.76666665,4,inverted_double_pendulum,cgp
384,2,1108.5978,0.76666665,4,inverted_double_pendulum,cgp
384,2,974.4989,0.8333333,4,inverted_double_pendulum,cgp
385,2,974.4989,0.8333333,4,inverted_double_pendulum,cgp
385,2,1174.4819,0.76666665,4,inverted_double_pendulum,cgp
386,2,1108.5978,0.76666665,4,inverted_double_pendulum,cgp
386,2,974.4989,0.8333333,4,inverted_double_pendulum,cgp
387,2,1108.5978,0.76666665,4,inverted_double_pendulum,cgp
387,2,974.4989,0.8333333,4,inverted_double_pendulum,cgp
388,2,1108.5978,0.76666665,4,inverted_double_pendulum,cgp
388,2,974.4989,0.8333333,4,inverted_double_pendulum,cgp
389,2,1108.5978,0.76666665,4,inverted_double_pendulum,cgp
389,2,974.4989,0.8333333,4,inverted_double_pendulum,cgp
390,2,1108.5978,0.76666665,4,inverted_double_pendulum,cgp
390,2,974.4989,0.8333333,4,inverted_double_pendulum,cgp
391,2,1108.5978,0.76666665,4,inverted_double_pendulum,cgp
391,2,974.4989,0.8333333,4,inverted_double_pendulum,cgp
392,2,1108.5978,0.76666665,4,inverted_double_pendulum,cgp
392,2,974.4989,0.8333333,4,inverted_double_pendulum,cgp
393,2,1108.5978,0.76666665,4,inverted_double_pendulum,cgp
393,2,974.4989,0.8333333,4,inverted_double_pendulum,cgp
394,2,1108.5978,0.76666665,4,inverted_double_pendulum,cgp
394,2,974.4989,0.8333333,4,inverted_double_pendulum,cgp
395,2,1108.5978,0.76666665,4,inverted_double_pendulum,cgp
395,2,974.4989,0.8333333,4,inverted_double_pendulum,cgp
396,2,974.4989,0.8333333,4,inverted_double_pendulum,cgp
396,2,1152.93,0.76666665,4,inverted_double_pendulum,cgp
397,2,974.4989,0.8333333,4,inverted_double_pendulum,cgp
397,2,1152.93,0.76666665,4,inverted_double_pendulum,cgp
398,2,974.4989,0.8333333,4,inverted_double_pendulum,cgp
398,2,1115.2922,0.76666665,4,inverted_double_pendulum,cgp
399,2,974.4989,0.8333333,4,inverted_double_pendulum,cgp
399,2,1115.2922,0.76666665,4,inverted_double_pendulum,cgp
400,2,1108.5978,0.76666665,4,inverted_double_pendulum,cgp
400,2,974.4989,0.8333333,4,inverted_double_pendulum,cgp
401,2,1108.5978,0.76666665,4,inverted_double_pendulum,cgp
401,2,974.4989,0.8333333,4,inverted_double_pendulum,cgp
402,2,1108.5978,0.76666665,4,inverted_double_pendulum,cgp
402,2,974.4989,0.8333333,4,inverted_double_pendulum,cgp
403,2,1108.5978,0.76666665,4,inverted_double_pendulum,cgp
403,2,974.4989,0.8333333,4,inverted_double_pendulum,cgp
404,2,974.4989,0.8333333,4,inverted_double_pendulum,cgp
404,2,1118.6201,0.76666665,4,inverted_double_pendulum,cgp
405,2,974.4989,0.8333333,4,inverted_double_pendulum,cgp
405,2,1118.6201,0.76666665,4,inverted_double_pendulum,cgp
406,2,974.4989,0.8333333,4,inverted_double_pendulum,cgp
406,2,1118.6201,0.76666665,4,inverted_double_pendulum,cgp
407,2,974.4989,0.8333333,4,inverted_double_pendulum,cgp
407,2,1118.6201,0.76666665,4,inverted_double_pendulum,cgp
408,2,974.4989,0.8333333,4,inverted_double_pendulum,cgp
408,2,1118.6201,0.76666665,4,inverted_double_pendulum,cgp
409,2,974.4989,0.8333333,4,inverted_double_pendulum,cgp
409,2,1118.6201,0.76666665,4,inverted_double_pendulum,cgp
410,2,974.4989,0.8333333,4,inverted_double_pendulum,cgp
410,2,1118.6201,0.76666665,4,inverted_double_pendulum,cgp
411,2,974.4989,0.8333333,4,inverted_double_pendulum,cgp
411,2,1118.6201,0.76666665,4,inverted_double_pendulum,cgp
412,2,974.4989,0.8333333,4,inverted_double_pendulum,cgp
412,2,1118.191,0.76666665,4,inverted_double_pendulum,cgp
413,2,1108.5978,0.76666665,4,inverted_double_pendulum,cgp
413,2,974.4989,0.8333333,4,inverted_double_pendulum,cgp
414,2,1108.5978,0.76666665,4,inverted_double_pendulum,cgp
414,2,974.4989,0.8333333,4,inverted_double_pendulum,cgp
415,2,1108.5978,0.76666665,4,inverted_double_pendulum,cgp
415,2,974.4989,0.8333333,4,inverted_double_pendulum,cgp
416,3,1108.5978,0.76666665,4,inverted_double_pendulum,cgp
416,3,974.4989,0.8333333,4,inverted_double_pendulum,cgp
416,3,1108.2682,0.7833333,4,inverted_double_pendulum,cgp
417,3,1108.5978,0.76666665,4,inverted_double_pendulum,cgp
417,3,974.4989,0.8333333,4,inverted_double_pendulum,cgp
417,3,1108.2682,0.7833333,4,inverted_double_pendulum,cgp
418,3,1108.5978,0.76666665,4,inverted_double_pendulum,cgp
418,3,974.4989,0.8333333,4,inverted_double_pendulum,cgp
418,3,1108.2682,0.7833333,4,inverted_double_pendulum,cgp
419,3,1108.5978,0.76666665,4,inverted_double_pendulum,cgp
419,3,974.4989,0.8333333,4,inverted_double_pendulum,cgp
419,3,1108.2682,0.7833333,4,inverted_double_pendulum,cgp
420,3,1108.5978,0.76666665,4,inverted_double_pendulum,cgp
420,3,974.4989,0.8333333,4,inverted_double_pendulum,cgp
420,3,1108.2682,0.7833333,4,inverted_double_pendulum,cgp
421,3,1108.5978,0.76666665,4,inverted_double_pendulum,cgp
421,3,974.4989,0.8333333,4,inverted_double_pendulum,cgp
421,3,1108.2682,0.7833333,4,inverted_double_pendulum,cgp
422,3,1108.5978,0.76666665,4,inverted_double_pendulum,cgp
422,3,974.4989,0.8333333,4,inverted_double_pendulum,cgp
422,3,1108.2682,0.7833333,4,inverted_double_pendulum,cgp
423,3,1108.5978,0.76666665,4,inverted_double_pendulum,cgp
423,3,974.4989,0.8333333,4,inverted_double_pendulum,cgp
423,3,1108.2682,0.7833333,4,inverted_double_pendulum,cgp
424,3,1108.5978,0.76666665,4,inverted_double_pendulum,cgp
424,3,1108.2682,0.7833333,4,inverted_double_pendulum,cgp
424,3,1032.5515,0.8333333,4,inverted_double_pendulum,cgp
425,3,1108.5978,0.76666665,4,inverted_double_pendulum,cgp
425,3,1108.2682,0.7833333,4,inverted_double_pendulum,cgp
425,3,1032.5515,0.8333333,4,inverted_double_pendulum,cgp
426,3,1108.5978,0.76666665,4,inverted_double_pendulum,cgp
426,3,1108.2682,0.7833333,4,inverted_double_pendulum,cgp
426,3,1032.5515,0.8333333,4,inverted_double_pendulum,cgp
427,3,1108.5978,0.76666665,4,inverted_double_pendulum,cgp
427,3,1108.2682,0.7833333,4,inverted_double_pendulum,cgp
427,3,1032.5515,0.8333333,4,inverted_double_pendulum,cgp
428,3,1108.5978,0.76666665,4,inverted_double_pendulum,cgp
428,3,1108.2682,0.7833333,4,inverted_double_pendulum,cgp
428,3,1032.5515,0.8333333,4,inverted_double_pendulum,cgp
429,3,1108.5978,0.76666665,4,inverted_double_pendulum,cgp
429,3,1108.2682,0.7833333,4,inverted_double_pendulum,cgp
429,3,1032.5515,0.8333333,4,inverted_double_pendulum,cgp
430,3,1108.5978,0.76666665,4,inverted_double_pendulum,cgp
430,3,1108.2682,0.7833333,4,inverted_double_pendulum,cgp
430,3,1032.5515,0.8333333,4,inverted_double_pendulum,cgp
431,3,1108.5978,0.76666665,4,inverted_double_pendulum,cgp
431,3,1108.2682,0.7833333,4,inverted_double_pendulum,cgp
431,3,1032.5515,0.8333333,4,inverted_double_pendulum,cgp
432,3,1108.5978,0.76666665,4,inverted_double_pendulum,cgp
432,3,1108.2682,0.7833333,4,inverted_double_pendulum,cgp
432,3,1032.5515,0.8333333,4,inverted_double_pendulum,cgp
433,3,1108.5978,0.76666665,4,inverted_double_pendulum,cgp
433,3,1108.2682,0.7833333,4,inverted_double_pendulum,cgp
433,3,1032.5515,0.8333333,4,inverted_double_pendulum,cgp
434,3,1108.5978,0.76666665,4,inverted_double_pendulum,cgp
434,3,1108.2682,0.7833333,4,inverted_double_pendulum,cgp
434,3,1032.5515,0.8333333,4,inverted_double_pendulum,cgp
435,3,1108.5978,0.76666665,4,inverted_double_pendulum,cgp
435,3,1108.2682,0.7833333,4,inverted_double_pendulum,cgp
435,3,1032.5515,0.8333333,4,inverted_double_pendulum,cgp
436,3,1108.5978,0.76666665,4,inverted_double_pendulum,cgp
436,3,1108.2682,0.7833333,4,inverted_double_pendulum,cgp
436,3,1032.5515,0.8333333,4,inverted_double_pendulum,cgp
437,3,1108.5978,0.76666665,4,inverted_double_pendulum,cgp
437,3,1108.2682,0.7833333,4,inverted_double_pendulum,cgp
437,3,1032.5515,0.8333333,4,inverted_double_pendulum,cgp
438,3,1108.5978,0.76666665,4,inverted_double_pendulum,cgp
438,3,1108.2682,0.7833333,4,inverted_double_pendulum,cgp
438,3,1032.5515,0.8333333,4,inverted_double_pendulum,cgp
439,3,1108.5978,0.76666665,4,inverted_double_pendulum,cgp
439,3,1108.2682,0.7833333,4,inverted_double_pendulum,cgp
439,3,1032.5515,0.8333333,4,inverted_double_pendulum,cgp
440,3,1108.5978,0.76666665,4,inverted_double_pendulum,cgp
440,3,1108.2682,0.7833333,4,inverted_double_pendulum,cgp
440,3,1032.5515,0.8333333,4,inverted_double_pendulum,cgp
441,3,1108.5978,0.76666665,4,inverted_double_pendulum,cgp
441,3,1108.2682,0.7833333,4,inverted_double_pendulum,cgp
441,3,1032.5515,0.8333333,4,inverted_double_pendulum,cgp
442,3,1108.5978,0.76666665,4,inverted_double_pendulum,cgp
442,3,1108.2682,0.7833333,4,inverted_double_pendulum,cgp
442,3,1032.5515,0.8333333,4,inverted_double_pendulum,cgp
443,3,1108.5978,0.76666665,4,inverted_double_pendulum,cgp
443,3,1108.2682,0.7833333,4,inverted_double_pendulum,cgp
443,3,1032.5515,0.8333333,4,inverted_double_pendulum,cgp
444,3,1108.5978,0.76666665,4,inverted_double_pendulum,cgp
444,3,1108.2682,0.7833333,4,inverted_double_pendulum,cgp
444,3,1032.5515,0.8333333,4,inverted_double_pendulum,cgp
445,3,1108.5978,0.76666665,4,inverted_double_pendulum,cgp
445,3,1108.2682,0.7833333,4,inverted_double_pendulum,cgp
445,3,1032.5515,0.8333333,4,inverted_double_pendulum,cgp
446,2,1108.2682,0.7833333,4,inverted_double_pendulum,cgp
446,2,1032.5515,0.8333333,4,inverted_double_pendulum,cgp
447,2,1108.2682,0.7833333,4,inverted_double_pendulum,cgp
447,2,1032.5515,0.8333333,4,inverted_double_pendulum,cgp
448,2,1108.2682,0.7833333,4,inverted_double_pendulum,cgp
448,2,1032.5515,0.8333333,4,inverted_double_pendulum,cgp
449,2,1108.2682,0.7833333,4,inverted_double_pendulum,cgp
449,2,1032.5515,0.8333333,4,inverted_double_pendulum,cgp
450,2,1108.2682,0.7833333,4,inverted_double_pendulum,cgp
450,2,1032.5515,0.8333333,4,inverted_double_pendulum,cgp
451,2,1108.2682,0.7833333,4,inverted_double_pendulum,cgp
451,2,1032.5515,0.8333333,4,inverted_double_pendulum,cgp
452,2,1108.2682,0.7833333,4,inverted_double_pendulum,cgp
452,2,1032.5515,0.8333333,4,inverted_double_pendulum,cgp
453,2,1108.2682,0.7833333,4,inverted_double_pendulum,cgp
453,2,1032.5515,0.8333333,4,inverted_double_pendulum,cgp
454,2,1108.2682,0.7833333,4,inverted_double_pendulum,cgp
454,2,1032.5515,0.8333333,4,inverted_double_pendulum,cgp
455,2,1108.2682,0.7833333,4,inverted_double_pendulum,cgp
455,2,1032.5515,0.8333333,4,inverted_double_pendulum,cgp
456,2,1108.2682,0.7833333,4,inverted_double_pendulum,cgp
456,2,1032.5515,0.8333333,4,inverted_double_pendulum,cgp
457,2,1108.2682,0.7833333,4,inverted_double_pendulum,cgp
457,2,1032.5515,0.8333333,4,inverted_double_pendulum,cgp
458,2,1108.2682,0.7833333,4,inverted_double_pendulum,cgp
458,2,1032.5515,0.8333333,4,inverted_double_pendulum,cgp
459,2,1108.2682,0.7833333,4,inverted_double_pendulum,cgp
459,2,1032.5515,0.8333333,4,inverted_double_pendulum,cgp
460,2,1108.2682,0.7833333,4,inverted_double_pendulum,cgp
460,2,1032.5515,0.8333333,4,inverted_double_pendulum,cgp
461,2,1108.2682,0.7833333,4,inverted_double_pendulum,cgp
461,2,1032.5515,0.8333333,4,inverted_double_pendulum,cgp
462,2,1108.2682,0.7833333,4,inverted_double_pendulum,cgp
462,2,1032.5515,0.8333333,4,inverted_double_pendulum,cgp
463,2,1108.2682,0.7833333,4,inverted_double_pendulum,cgp
463,2,1032.5515,0.8333333,4,inverted_double_pendulum,cgp
464,2,1108.2682,0.7833333,4,inverted_double_pendulum,cgp
464,2,1032.5515,0.8333333,4,inverted_double_pendulum,cgp
465,2,1108.2682,0.7833333,4,inverted_double_pendulum,cgp
465,2,1032.5515,0.8333333,4,inverted_double_pendulum,cgp
466,2,1108.2682,0.7833333,4,inverted_double_pendulum,cgp
466,2,1032.5515,0.8333333,4,inverted_double_pendulum,cgp
467,2,1108.2682,0.7833333,4,inverted_double_pendulum,cgp
467,2,1032.5515,0.8333333,4,inverted_double_pendulum,cgp
468,2,1108.2682,0.7833333,4,inverted_double_pendulum,cgp
468,2,1032.5515,0.8333333,4,inverted_double_pendulum,cgp
469,2,1108.2682,0.7833333,4,inverted_double_pendulum,cgp
469,2,1032.5515,0.8333333,4,inverted_double_pendulum,cgp
470,2,1108.2682,0.7833333,4,inverted_double_pendulum,cgp
470,2,1032.5515,0.8333333,4,inverted_double_pendulum,cgp
471,2,1108.2682,0.7833333,4,inverted_double_pendulum,cgp
471,2,1032.5515,0.8333333,4,inverted_double_pendulum,cgp
472,2,1108.2682,0.7833333,4,inverted_double_pendulum,cgp
472,2,1032.5515,0.8333333,4,inverted_double_pendulum,cgp
473,2,1108.2682,0.7833333,4,inverted_double_pendulum,cgp
473,2,1032.5515,0.8333333,4,inverted_double_pendulum,cgp
474,2,1108.2682,0.7833333,4,inverted_double_pendulum,cgp
474,2,1032.5515,0.8333333,4,inverted_double_pendulum,cgp
475,2,1108.2682,0.7833333,4,inverted_double_pendulum,cgp
475,2,1032.5515,0.8333333,4,inverted_double_pendulum,cgp
476,2,1108.2682,0.7833333,4,inverted_double_pendulum,cgp
476,2,1032.5515,0.8333333,4,inverted_double_pendulum,cgp
477,2,1108.2682,0.7833333,4,inverted_double_pendulum,cgp
477,2,1032.5515,0.8333333,4,inverted_double_pendulum,cgp
478,2,1108.2682,0.7833333,4,inverted_double_pendulum,cgp
478,2,1032.5515,0.8333333,4,inverted_double_pendulum,cgp
479,2,1108.2682,0.7833333,4,inverted_double_pendulum,cgp
479,2,1032.5515,0.8333333,4,inverted_double_pendulum,cgp
480,2,1108.2682,0.7833333,4,inverted_double_pendulum,cgp
480,2,1032.5515,0.8333333,4,inverted_double_pendulum,cgp
481,2,1108.2682,0.7833333,4,inverted_double_pendulum,cgp
481,2,1032.5515,0.8333333,4,inverted_double_pendulum,cgp
482,2,1108.2682,0.7833333,4,inverted_double_pendulum,cgp
482,2,1032.5515,0.8333333,4,inverted_double_pendulum,cgp
483,2,1108.2682,0.7833333,4,inverted_double_pendulum,cgp
483,2,1032.5515,0.8333333,4,inverted_double_pendulum,cgp
484,2,1108.2682,0.7833333,4,inverted_double_pendulum,cgp
484,2,1032.5515,0.8333333,4,inverted_double_pendulum,cgp
485,2,1108.2682,0.7833333,4,inverted_double_pendulum,cgp
485,2,1032.5515,0.8333333,4,inverted_double_pendulum,cgp
486,2,1108.2682,0.7833333,4,inverted_double_pendulum,cgp
486,2,1032.5515,0.8333333,4,inverted_double_pendulum,cgp
487,2,1108.2682,0.7833333,4,inverted_double_pendulum,cgp
487,2,1032.5515,0.8333333,4,inverted_double_pendulum,cgp
488,2,1108.2682,0.7833333,4,inverted_double_pendulum,cgp
488,2,1032.5515,0.8333333,4,inverted_double_pendulum,cgp
489,2,1108.2682,0.7833333,4,inverted_double_pendulum,cgp
489,2,1032.5515,0.8333333,4,inverted_double_pendulum,cgp
490,2,1108.2682,0.7833333,4,inverted_double_pendulum,cgp
490,2,1032.5515,0.8333333,4,inverted_double_pendulum,cgp
491,2,1108.2682,0.7833333,4,inverted_double_pendulum,cgp
491,2,1032.5515,0.8333333,4,inverted_double_pendulum,cgp
492,2,1108.2682,0.7833333,4,inverted_double_pendulum,cgp
492,2,1032.5515,0.8333333,4,inverted_double_pendulum,cgp
493,2,1108.2682,0.7833333,4,inverted_double_pendulum,cgp
493,2,1032.5515,0.8333333,4,inverted_double_pendulum,cgp
494,2,1108.2682,0.7833333,4,inverted_double_pendulum,cgp
494,2,1032.5515,0.8333333,4,inverted_double_pendulum,cgp
495,2,1108.2682,0.7833333,4,inverted_double_pendulum,cgp
495,2,1032.5515,0.8333333,4,inverted_double_pendulum,cgp
496,2,1108.2682,0.7833333,4,inverted_double_pendulum,cgp
496,2,1032.5515,0.8333333,4,inverted_double_pendulum,cgp
497,2,1108.2682,0.7833333,4,inverted_double_pendulum,cgp
497,2,1032.5515,0.8333333,4,inverted_double_pendulum,cgp
498,2,1108.2682,0.7833333,4,inverted_double_pendulum,cgp
498,2,1032.5515,0.8333333,4,inverted_double_pendulum,cgp
499,2,1108.2682,0.7833333,4,inverted_double_pendulum,cgp
499,2,1032.5515,0.8333333,4,inverted_double_pendulum,cgp
500,2,1108.2682,0.7833333,4,inverted_double_pendulum,cgp
500,2,1032.5515,0.8333333,4,inverted_double_pendulum,cgp
501,2,1108.2682,0.7833333,4,inverted_double_pendulum,cgp
501,2,1032.5515,0.8333333,4,inverted_double_pendulum,cgp
502,2,1108.2682,0.7833333,4,inverted_double_pendulum,cgp
502,2,1032.5515,0.8333333,4,inverted_double_pendulum,cgp
503,2,1108.2682,0.7833333,4,inverted_double_pendulum,cgp
503,2,1032.5515,0.8333333,4,inverted_double_pendulum,cgp
504,2,1108.2682,0.7833333,4,inverted_double_pendulum,cgp
504,2,1032.5515,0.8333333,4,inverted_double_pendulum,cgp
505,2,1108.2682,0.7833333,4,inverted_double_pendulum,cgp
505,2,1032.5515,0.8333333,4,inverted_double_pendulum,cgp
506,2,1108.2682,0.7833333,4,inverted_double_pendulum,cgp
506,2,1032.5515,0.8333333,4,inverted_double_pendulum,cgp
507,2,1108.2682,0.7833333,4,inverted_double_pendulum,cgp
507,2,1032.5515,0.8333333,4,inverted_double_pendulum,cgp
508,2,1108.2682,0.7833333,4,inverted_double_pendulum,cgp
508,2,1032.5515,0.8333333,4,inverted_double_pendulum,cgp
509,2,1108.2682,0.7833333,4,inverted_double_pendulum,cgp
509,2,1032.5515,0.8333333,4,inverted_double_pendulum,cgp
510,2,1108.2682,0.7833333,4,inverted_double_pendulum,cgp
510,2,1032.5515,0.8333333,4,inverted_double_pendulum,cgp
511,2,1108.2682,0.7833333,4,inverted_double_pendulum,cgp
511,2,1032.5515,0.8333333,4,inverted_double_pendulum,cgp
512,2,1108.2682,0.7833333,4,inverted_double_pendulum,cgp
512,2,1032.5515,0.8333333,4,inverted_double_pendulum,cgp
513,2,1108.2682,0.7833333,4,inverted_double_pendulum,cgp
513,2,1032.5515,0.8333333,4,inverted_double_pendulum,cgp
514,2,1108.2682,0.7833333,4,inverted_double_pendulum,cgp
514,2,1032.5515,0.8333333,4,inverted_double_pendulum,cgp
515,2,1108.2682,0.7833333,4,inverted_double_pendulum,cgp
515,2,1032.5515,0.8333333,4,inverted_double_pendulum,cgp
516,2,1108.2682,0.7833333,4,inverted_double_pendulum,cgp
516,2,1032.5515,0.8333333,4,inverted_double_pendulum,cgp
517,2,1108.2682,0.7833333,4,inverted_double_pendulum,cgp
517,2,1032.5515,0.8333333,4,inverted_double_pendulum,cgp
518,2,1108.2682,0.7833333,4,inverted_double_pendulum,cgp
518,2,1032.5515,0.8333333,4,inverted_double_pendulum,cgp
519,2,1108.2682,0.7833333,4,inverted_double_pendulum,cgp
519,2,1032.5515,0.8333333,4,inverted_double_pendulum,cgp
520,2,1108.2682,0.7833333,4,inverted_double_pendulum,cgp
520,2,1032.5515,0.8333333,4,inverted_double_pendulum,cgp
521,2,1108.2682,0.7833333,4,inverted_double_pendulum,cgp
521,2,1032.5515,0.8333333,4,inverted_double_pendulum,cgp
522,2,1108.2682,0.7833333,4,inverted_double_pendulum,cgp
522,2,1032.5515,0.8333333,4,inverted_double_pendulum,cgp
523,2,1108.2682,0.7833333,4,inverted_double_pendulum,cgp
523,2,1032.5515,0.8333333,4,inverted_double_pendulum,cgp
524,2,1108.2682,0.7833333,4,inverted_double_pendulum,cgp
524,2,1032.5515,0.8333333,4,inverted_double_pendulum,cgp
525,2,1108.2682,0.7833333,4,inverted_double_pendulum,cgp
525,2,1032.5515,0.8333333,4,inverted_double_pendulum,cgp
526,2,1108.2682,0.7833333,4,inverted_double_pendulum,cgp
526,2,1032.5515,0.8333333,4,inverted_double_pendulum,cgp
527,2,1108.2682,0.7833333,4,inverted_double_pendulum,cgp
527,2,1032.5515,0.8333333,4,inverted_double_pendulum,cgp
528,2,1108.2682,0.7833333,4,inverted_double_pendulum,cgp
528,2,1032.5515,0.8333333,4,inverted_double_pendulum,cgp
529,2,1108.2682,0.7833333,4,inverted_double_pendulum,cgp
529,2,1032.5515,0.8333333,4,inverted_double_pendulum,cgp
530,2,1108.2682,0.7833333,4,inverted_double_pendulum,cgp
530,2,1032.5515,0.8333333,4,inverted_double_pendulum,cgp
531,2,1108.2682,0.7833333,4,inverted_double_pendulum,cgp
531,2,1032.5515,0.8333333,4,inverted_double_pendulum,cgp
532,2,1108.2682,0.7833333,4,inverted_double_pendulum,cgp
532,2,1032.5515,0.8333333,4,inverted_double_pendulum,cgp
533,2,1108.2682,0.7833333,4,inverted_double_pendulum,cgp
533,2,1032.5515,0.8333333,4,inverted_double_pendulum,cgp
534,2,1108.2682,0.7833333,4,inverted_double_pendulum,cgp
534,2,1032.5515,0.8333333,4,inverted_double_pendulum,cgp
535,2,1108.2682,0.7833333,4,inverted_double_pendulum,cgp
535,2,1032.5515,0.8333333,4,inverted_double_pendulum,cgp
536,2,1108.2682,0.7833333,4,inverted_double_pendulum,cgp
536,2,1032.5515,0.8333333,4,inverted_double_pendulum,cgp
537,2,1108.2682,0.7833333,4,inverted_double_pendulum,cgp
537,2,1032.5515,0.8333333,4,inverted_double_pendulum,cgp
538,2,1108.2682,0.7833333,4,inverted_double_pendulum,cgp
538,2,1032.5515,0.8333333,4,inverted_double_pendulum,cgp
539,2,1108.2682,0.7833333,4,inverted_double_pendulum,cgp
539,2,1032.5515,0.8333333,4,inverted_double_pendulum,cgp
540,2,1108.2682,0.7833333,4,inverted_double_pendulum,cgp
540,2,1032.5515,0.8333333,4,inverted_double_pendulum,cgp
541,2,1108.2682,0.7833333,4,inverted_double_pendulum,cgp
541,2,1032.5515,0.8333333,4,inverted_double_pendulum,cgp
542,2,1108.2682,0.7833333,4,inverted_double_pendulum,cgp
542,2,1032.5515,0.8333333,4,inverted_double_pendulum,cgp
543,2,1108.2682,0.7833333,4,inverted_double_pendulum,cgp
543,2,1032.5515,0.8333333,4,inverted_double_pendulum,cgp
544,2,1108.2682,0.7833333,4,inverted_double_pendulum,cgp
544,2,1032.5515,0.8333333,4,inverted_double_pendulum,cgp
545,2,1108.2682,0.7833333,4,inverted_double_pendulum,cgp
545,2,1032.5515,0.8333333,4,inverted_double_pendulum,cgp
546,2,1108.2682,0.7833333,4,inverted_double_pendulum,cgp
546,2,1032.5515,0.8333333,4,inverted_double_pendulum,cgp
547,2,1108.2682,0.7833333,4,inverted_double_pendulum,cgp
547,2,1032.5515,0.8333333,4,inverted_double_pendulum,cgp
548,2,1108.2682,0.7833333,4,inverted_double_pendulum,cgp
548,2,1032.5515,0.8333333,4,inverted_double_pendulum,cgp
549,2,1108.2682,0.7833333,4,inverted_double_pendulum,cgp
549,2,1032.5515,0.8333333,4,inverted_double_pendulum,cgp
550,2,1108.2682,0.7833333,4,inverted_double_pendulum,cgp
550,2,1032.5515,0.8333333,4,inverted_double_pendulum,cgp
551,2,1108.2682,0.7833333,4,inverted_double_pendulum,cgp
551,2,1032.5515,0.8333333,4,inverted_double_pendulum,cgp
552,2,1108.2682,0.7833333,4,inverted_double_pendulum,cgp
552,2,1032.5515,0.8333333,4,inverted_double_pendulum,cgp
553,2,1108.2682,0.7833333,4,inverted_double_pendulum,cgp
553,2,1032.5515,0.8333333,4,inverted_double_pendulum,cgp
554,2,1108.2682,0.7833333,4,inverted_double_pendulum,cgp
554,2,1032.5515,0.8333333,4,inverted_double_pendulum,cgp
555,2,1108.2682,0.7833333,4,inverted_double_pendulum,cgp
555,2,1032.5515,0.8333333,4,inverted_double_pendulum,cgp
556,2,1108.2682,0.7833333,4,inverted_double_pendulum,cgp
556,2,1032.5515,0.8333333,4,inverted_double_pendulum,cgp
557,2,1108.2682,0.7833333,4,inverted_double_pendulum,cgp
557,2,1032.5515,0.8333333,4,inverted_double_pendulum,cgp
558,2,1108.2682,0.7833333,4,inverted_double_pendulum,cgp
558,2,1032.5515,0.8333333,4,inverted_double_pendulum,cgp
559,2,1108.2682,0.7833333,4,inverted_double_pendulum,cgp
559,2,1032.5515,0.8333333,4,inverted_double_pendulum,cgp
560,2,1108.2682,0.7833333,4,inverted_double_pendulum,cgp
560,2,1032.5515,0.8333333,4,inverted_double_pendulum,cgp
561,2,1108.2682,0.7833333,4,inverted_double_pendulum,cgp
561,2,1032.5515,0.8333333,4,inverted_double_pendulum,cgp
562,2,1108.2682,0.7833333,4,inverted_double_pendulum,cgp
562,2,1032.5515,0.8333333,4,inverted_double_pendulum,cgp
563,2,1108.2682,0.7833333,4,inverted_double_pendulum,cgp
563,2,1032.5515,0.8333333,4,inverted_double_pendulum,cgp
564,2,1108.2682,0.7833333,4,inverted_double_pendulum,cgp
564,2,1032.5515,0.8333333,4,inverted_double_pendulum,cgp
565,2,1108.2682,0.7833333,4,inverted_double_pendulum,cgp
565,2,1032.5515,0.8333333,4,inverted_double_pendulum,cgp
566,2,1108.2682,0.7833333,4,inverted_double_pendulum,cgp
566,2,1032.5515,0.8333333,4,inverted_double_pendulum,cgp
567,2,1108.2682,0.7833333,4,inverted_double_pendulum,cgp
567,2,1032.5515,0.8333333,4,inverted_double_pendulum,cgp
568,2,1108.2682,0.7833333,4,inverted_double_pendulum,cgp
568,2,1032.5515,0.8333333,4,inverted_double_pendulum,cgp
569,2,1108.2682,0.7833333,4,inverted_double_pendulum,cgp
569,2,1032.5515,0.8333333,4,inverted_double_pendulum,cgp
570,2,1108.2682,0.7833333,4,inverted_double_pendulum,cgp
570,2,1032.5515,0.8333333,4,inverted_double_pendulum,cgp
571,2,1108.2682,0.7833333,4,inverted_double_pendulum,cgp
571,2,1032.5515,0.8333333,4,inverted_double_pendulum,cgp
572,2,1108.2682,0.7833333,4,inverted_double_pendulum,cgp
572,2,1032.5515,0.8333333,4,inverted_double_pendulum,cgp
573,2,1108.2682,0.7833333,4,inverted_double_pendulum,cgp
573,2,1032.5515,0.8333333,4,inverted_double_pendulum,cgp
574,2,1108.2682,0.7833333,4,inverted_double_pendulum,cgp
574,2,1032.5515,0.8333333,4,inverted_double_pendulum,cgp
575,2,1108.2682,0.7833333,4,inverted_double_pendulum,cgp
575,2,1032.5515,0.8333333,4,inverted_double_pendulum,cgp
576,2,1108.2682,0.7833333,4,inverted_double_pendulum,cgp
576,2,1032.5515,0.8333333,4,inverted_double_pendulum,cgp
577,2,1108.2682,0.7833333,4,inverted_double_pendulum,cgp
577,2,1032.5515,0.8333333,4,inverted_double_pendulum,cgp
578,2,1108.2682,0.7833333,4,inverted_double_pendulum,cgp
578,2,1032.5515,0.8333333,4,inverted_double_pendulum,cgp
579,2,1108.2682,0.7833333,4,inverted_double_pendulum,cgp
579,2,1032.5515,0.8333333,4,inverted_double_pendulum,cgp
580,2,1108.2682,0.7833333,4,inverted_double_pendulum,cgp
580,2,1032.5515,0.8333333,4,inverted_double_pendulum,cgp
581,2,1108.2682,0.7833333,4,inverted_double_pendulum,cgp
581,2,1032.5515,0.8333333,4,inverted_double_pendulum,cgp
582,2,1108.2682,0.7833333,4,inverted_double_pendulum,cgp
582,2,1032.5515,0.8333333,4,inverted_double_pendulum,cgp
583,2,1108.2682,0.7833333,4,inverted_double_pendulum,cgp
583,2,1032.5515,0.8333333,4,inverted_double_pendulum,cgp
584,2,1108.2682,0.7833333,4,inverted_double_pendulum,cgp
584,2,1032.5515,0.8333333,4,inverted_double_pendulum,cgp
585,2,1108.2682,0.7833333,4,inverted_double_pendulum,cgp
585,2,1032.5515,0.8333333,4,inverted_double_pendulum,cgp
586,2,1108.2682,0.7833333,4,inverted_double_pendulum,cgp
586,2,1032.5515,0.8333333,4,inverted_double_pendulum,cgp
587,2,1108.2682,0.7833333,4,inverted_double_pendulum,cgp
587,2,1032.5515,0.8333333,4,inverted_double_pendulum,cgp
588,2,1108.2682,0.7833333,4,inverted_double_pendulum,cgp
588,2,1032.5515,0.8333333,4,inverted_double_pendulum,cgp
589,2,1108.2682,0.7833333,4,inverted_double_pendulum,cgp
589,2,1032.5515,0.8333333,4,inverted_double_pendulum,cgp
590,2,1108.2682,0.7833333,4,inverted_double_pendulum,cgp
590,2,1032.5515,0.8333333,4,inverted_double_pendulum,cgp
591,2,1108.2682,0.7833333,4,inverted_double_pendulum,cgp
591,2,1032.5515,0.8333333,4,inverted_double_pendulum,cgp
592,2,1108.2682,0.7833333,4,inverted_double_pendulum,cgp
592,2,1032.5515,0.8333333,4,inverted_double_pendulum,cgp
593,2,1108.2682,0.7833333,4,inverted_double_pendulum,cgp
593,2,1032.5515,0.8333333,4,inverted_double_pendulum,cgp
594,2,1108.2682,0.7833333,4,inverted_double_pendulum,cgp
594,2,1032.5515,0.8333333,4,inverted_double_pendulum,cgp
595,2,1108.2682,0.7833333,4,inverted_double_pendulum,cgp
595,2,1032.5515,0.8333333,4,inverted_double_pendulum,cgp
596,2,1108.2682,0.7833333,4,inverted_double_pendulum,cgp
596,2,1032.5515,0.8333333,4,inverted_double_pendulum,cgp
597,2,1108.2682,0.7833333,4,inverted_double_pendulum,cgp
597,2,1032.5515,0.8333333,4,inverted_double_pendulum,cgp
598,2,1108.2682,0.7833333,4,inverted_double_pendulum,cgp
598,2,1032.5515,0.8333333,4,inverted_double_pendulum,cgp
599,2,1108.2682,0.7833333,4,inverted_double_pendulum,cgp
599,2,1032.5515,0.8333333,4,inverted_double_pendulum,cgp
600,2,1108.2682,0.7833333,4,inverted_double_pendulum,cgp
600,2,1032.5515,0.8333333,4,inverted_double_pendulum,cgp
601,2,1108.2682,0.7833333,4,inverted_double_pendulum,cgp
601,2,1032.5515,0.8333333,4,inverted_double_pendulum,cgp
602,2,1108.2682,0.7833333,4,inverted_double_pendulum,cgp
602,2,1032.5515,0.8333333,4,inverted_double_pendulum,cgp
603,2,1108.2682,0.7833333,4,inverted_double_pendulum,cgp
603,2,1032.5515,0.8333333,4,inverted_double_pendulum,cgp
604,2,1108.2682,0.7833333,4,inverted_double_pendulum,cgp
604,2,1032.5515,0.8333333,4,inverted_double_pendulum,cgp
605,2,1108.2682,0.7833333,4,inverted_double_pendulum,cgp
605,2,1032.5515,0.8333333,4,inverted_double_pendulum,cgp
606,2,1108.2682,0.7833333,4,inverted_double_pendulum,cgp
606,2,1032.5515,0.8333333,4,inverted_double_pendulum,cgp
607,2,1108.2682,0.7833333,4,inverted_double_pendulum,cgp
607,2,1032.5515,0.8333333,4,inverted_double_pendulum,cgp
608,2,1108.2682,0.7833333,4,inverted_double_pendulum,cgp
608,2,1032.5515,0.8333333,4,inverted_double_pendulum,cgp
609,2,1108.2682,0.7833333,4,inverted_double_pendulum,cgp
609,2,1032.5515,0.8333333,4,inverted_double_pendulum,cgp
610,2,1108.2682,0.7833333,4,inverted_double_pendulum,cgp
610,2,1032.5515,0.8333333,4,inverted_double_pendulum,cgp
611,2,1108.2682,0.7833333,4,inverted_double_pendulum,cgp
611,2,1032.5515,0.8333333,4,inverted_double_pendulum,cgp
612,2,1108.2682,0.7833333,4,inverted_double_pendulum,cgp
612,2,1032.5515,0.8333333,4,inverted_double_pendulum,cgp
613,2,1108.2682,0.7833333,4,inverted_double_pendulum,cgp
613,2,1032.5515,0.8333333,4,inverted_double_pendulum,cgp
614,2,1108.2682,0.7833333,4,inverted_double_pendulum,cgp
614,2,1032.5515,0.8333333,4,inverted_double_pendulum,cgp
615,2,1108.2682,0.7833333,4,inverted_double_pendulum,cgp
615,2,1032.5515,0.8333333,4,inverted_double_pendulum,cgp
616,2,1108.2682,0.7833333,4,inverted_double_pendulum,cgp
616,2,1032.5515,0.8333333,4,inverted_double_pendulum,cgp
617,2,1108.2682,0.7833333,4,inverted_double_pendulum,cgp
617,2,1032.5515,0.8333333,4,inverted_double_pendulum,cgp
618,2,1108.2682,0.7833333,4,inverted_double_pendulum,cgp
618,2,1032.5515,0.8333333,4,inverted_double_pendulum,cgp
619,2,1108.2682,0.7833333,4,inverted_double_pendulum,cgp
619,2,1032.5515,0.8333333,4,inverted_double_pendulum,cgp
620,2,1108.2682,0.7833333,4,inverted_double_pendulum,cgp
620,2,1032.5515,0.8333333,4,inverted_double_pendulum,cgp
621,2,1108.2682,0.7833333,4,inverted_double_pendulum,cgp
621,2,1032.5515,0.8333333,4,inverted_double_pendulum,cgp
622,2,1108.2682,0.7833333,4,inverted_double_pendulum,cgp
622,2,1032.5515,0.8333333,4,inverted_double_pendulum,cgp
623,2,1108.2682,0.7833333,4,inverted_double_pendulum,cgp
623,2,1032.5515,0.8333333,4,inverted_double_pendulum,cgp
624,2,1108.2682,0.7833333,4,inverted_double_pendulum,cgp
624,2,1032.5515,0.8333333,4,inverted_double_pendulum,cgp
625,2,1108.2682,0.7833333,4,inverted_double_pendulum,cgp
625,2,1032.5515,0.8333333,4,inverted_double_pendulum,cgp
626,2,1108.2682,0.7833333,4,inverted_double_pendulum,cgp
626,2,1032.5515,0.8333333,4,inverted_double_pendulum,cgp
627,2,1108.2682,0.7833333,4,inverted_double_pendulum,cgp
627,2,1032.5515,0.8333333,4,inverted_double_pendulum,cgp
628,2,1108.2682,0.7833333,4,inverted_double_pendulum,cgp
628,2,1032.5515,0.8333333,4,inverted_double_pendulum,cgp
629,2,1108.2682,0.7833333,4,inverted_double_pendulum,cgp
629,2,1032.5515,0.8333333,4,inverted_double_pendulum,cgp
630,2,1108.2682,0.7833333,4,inverted_double_pendulum,cgp
630,2,1032.5515,0.8333333,4,inverted_double_pendulum,cgp
631,2,1108.2682,0.7833333,4,inverted_double_pendulum,cgp
631,2,1032.5515,0.8333333,4,inverted_double_pendulum,cgp
632,2,1108.2682,0.7833333,4,inverted_double_pendulum,cgp
632,2,1032.5515,0.8333333,4,inverted_double_pendulum,cgp
633,2,1108.2682,0.7833333,4,inverted_double_pendulum,cgp
633,2,1032.5515,0.8333333,4,inverted_double_pendulum,cgp
634,2,1108.2682,0.7833333,4,inverted_double_pendulum,cgp
634,2,1032.5515,0.8333333,4,inverted_double_pendulum,cgp
635,2,1108.2682,0.7833333,4,inverted_double_pendulum,cgp
635,2,1032.5515,0.8333333,4,inverted_double_pendulum,cgp
636,2,1108.2682,0.7833333,4,inverted_double_pendulum,cgp
636,2,1032.5515,0.8333333,4,inverted_double_pendulum,cgp
637,2,1108.2682,0.7833333,4,inverted_double_pendulum,cgp
637,2,1032.5515,0.8333333,4,inverted_double_pendulum,cgp
638,2,1108.2682,0.7833333,4,inverted_double_pendulum,cgp
638,2,1032.5515,0.8333333,4,inverted_double_pendulum,cgp
639,2,1108.2682,0.7833333,4,inverted_double_pendulum,cgp
639,2,1032.5515,0.8333333,4,inverted_double_pendulum,cgp
640,2,1108.2682,0.7833333,4,inverted_double_pendulum,cgp
640,2,1032.5515,0.8333333,4,inverted_double_pendulum,cgp
641,2,1108.2682,0.7833333,4,inverted_double_pendulum,cgp
641,2,1032.5515,0.8333333,4,inverted_double_pendulum,cgp
642,2,1108.2682,0.7833333,4,inverted_double_pendulum,cgp
642,2,1032.5515,0.8333333,4,inverted_double_pendulum,cgp
643,2,1108.2682,0.7833333,4,inverted_double_pendulum,cgp
643,2,1032.5515,0.8333333,4,inverted_double_pendulum,cgp
644,2,1108.2682,0.7833333,4,inverted_double_pendulum,cgp
644,2,1032.5515,0.8333333,4,inverted_double_pendulum,cgp
645,2,1108.2682,0.7833333,4,inverted_double_pendulum,cgp
645,2,1032.5515,0.8333333,4,inverted_double_pendulum,cgp
646,2,1108.2682,0.7833333,4,inverted_double_pendulum,cgp
646,2,1032.5515,0.8333333,4,inverted_double_pendulum,cgp
647,2,1108.2682,0.7833333,4,inverted_double_pendulum,cgp
647,2,1032.5515,0.8333333,4,inverted_double_pendulum,cgp
648,2,1108.2682,0.7833333,4,inverted_double_pendulum,cgp
648,2,1032.5515,0.8333333,4,inverted_double_pendulum,cgp
649,2,1108.2682,0.7833333,4,inverted_double_pendulum,cgp
649,2,1032.5515,0.8333333,4,inverted_double_pendulum,cgp
650,2,1108.2682,0.7833333,4,inverted_double_pendulum,cgp
650,2,1032.5515,0.8333333,4,inverted_double_pendulum,cgp
651,2,1108.2682,0.7833333,4,inverted_double_pendulum,cgp
651,2,1032.5515,0.8333333,4,inverted_double_pendulum,cgp
652,2,1108.2682,0.7833333,4,inverted_double_pendulum,cgp
652,2,1032.5515,0.8333333,4,inverted_double_pendulum,cgp
653,2,1108.2682,0.7833333,4,inverted_double_pendulum,cgp
653,2,1032.5515,0.8333333,4,inverted_double_pendulum,cgp
654,2,1108.2682,0.7833333,4,inverted_double_pendulum,cgp
654,2,1032.5515,0.8333333,4,inverted_double_pendulum,cgp
655,2,1108.2682,0.7833333,4,inverted_double_pendulum,cgp
655,2,1032.5515,0.8333333,4,inverted_double_pendulum,cgp
656,2,1108.2682,0.7833333,4,inverted_double_pendulum,cgp
656,2,1032.5515,0.8333333,4,inverted_double_pendulum,cgp
657,2,1108.2682,0.7833333,4,inverted_double_pendulum,cgp
657,2,1032.5515,0.8333333,4,inverted_double_pendulum,cgp
658,2,1108.2682,0.7833333,4,inverted_double_pendulum,cgp
658,2,1032.5515,0.8333333,4,inverted_double_pendulum,cgp
659,2,1108.2682,0.7833333,4,inverted_double_pendulum,cgp
659,2,1032.5515,0.8333333,4,inverted_double_pendulum,cgp
660,2,1108.2682,0.7833333,4,inverted_double_pendulum,cgp
660,2,1032.5515,0.8333333,4,inverted_double_pendulum,cgp
661,2,1108.2682,0.7833333,4,inverted_double_pendulum,cgp
661,2,1032.5515,0.8333333,4,inverted_double_pendulum,cgp
662,2,1108.2682,0.7833333,4,inverted_double_pendulum,cgp
662,2,1032.5515,0.8333333,4,inverted_double_pendulum,cgp
663,2,1108.2682,0.7833333,4,inverted_double_pendulum,cgp
663,2,1032.5515,0.8333333,4,inverted_double_pendulum,cgp
664,2,1108.2682,0.7833333,4,inverted_double_pendulum,cgp
664,2,1032.5515,0.8333333,4,inverted_double_pendulum,cgp
665,2,1108.2682,0.7833333,4,inverted_double_pendulum,cgp
665,2,1032.5515,0.8333333,4,inverted_double_pendulum,cgp
666,2,1108.2682,0.7833333,4,inverted_double_pendulum,cgp
666,2,1032.5515,0.8333333,4,inverted_double_pendulum,cgp
667,2,1108.2682,0.7833333,4,inverted_double_pendulum,cgp
667,2,1032.5515,0.8333333,4,inverted_double_pendulum,cgp
668,2,1108.2682,0.7833333,4,inverted_double_pendulum,cgp
668,2,1032.5515,0.8333333,4,inverted_double_pendulum,cgp
669,2,1108.2682,0.7833333,4,inverted_double_pendulum,cgp
669,2,1032.5515,0.8333333,4,inverted_double_pendulum,cgp
670,2,1108.2682,0.7833333,4,inverted_double_pendulum,cgp
670,2,1032.5515,0.8333333,4,inverted_double_pendulum,cgp
671,2,1108.2682,0.7833333,4,inverted_double_pendulum,cgp
671,2,1032.5515,0.8333333,4,inverted_double_pendulum,cgp
672,2,1108.2682,0.7833333,4,inverted_double_pendulum,cgp
672,2,1032.5515,0.8333333,4,inverted_double_pendulum,cgp
673,2,1108.2682,0.7833333,4,inverted_double_pendulum,cgp
673,2,1032.5515,0.8333333,4,inverted_double_pendulum,cgp
674,2,1108.2682,0.7833333,4,inverted_double_pendulum,cgp
674,2,1032.5515,0.8333333,4,inverted_double_pendulum,cgp
675,2,1108.2682,0.7833333,4,inverted_double_pendulum,cgp
675,2,1032.5515,0.8333333,4,inverted_double_pendulum,cgp
676,2,1108.2682,0.7833333,4,inverted_double_pendulum,cgp
676,2,1032.5515,0.8333333,4,inverted_double_pendulum,cgp
677,2,1108.2682,0.7833333,4,inverted_double_pendulum,cgp
677,2,1032.5515,0.8333333,4,inverted_double_pendulum,cgp
678,2,1108.2682,0.7833333,4,inverted_double_pendulum,cgp
678,2,1032.5515,0.8333333,4,inverted_double_pendulum,cgp
679,2,1032.5515,0.8333333,4,inverted_double_pendulum,cgp
679,2,1125.2792,0.81666666,4,inverted_double_pendulum,cgp
680,2,1032.5515,0.8333333,4,inverted_double_pendulum,cgp
680,2,1125.2792,0.81666666,4,inverted_double_pendulum,cgp
681,2,1032.5515,0.8333333,4,inverted_double_pendulum,cgp
681,2,1125.2792,0.81666666,4,inverted_double_pendulum,cgp
682,2,1032.5515,0.8333333,4,inverted_double_pendulum,cgp
682,2,1125.2792,0.81666666,4,inverted_double_pendulum,cgp
683,2,1032.5515,0.8333333,4,inverted_double_pendulum,cgp
683,2,1125.2792,0.81666666,4,inverted_double_pendulum,cgp
684,2,1032.5515,0.8333333,4,inverted_double_pendulum,cgp
684,2,1125.2792,0.81666666,4,inverted_double_pendulum,cgp
685,2,1032.5515,0.8333333,4,inverted_double_pendulum,cgp
685,2,1125.2792,0.81666666,4,inverted_double_pendulum,cgp
686,2,1032.5515,0.8333333,4,inverted_double_pendulum,cgp
686,2,1125.2792,0.81666666,4,inverted_double_pendulum,cgp
687,2,1032.5515,0.8333333,4,inverted_double_pendulum,cgp
687,2,1125.2792,0.81666666,4,inverted_double_pendulum,cgp
688,2,1032.5515,0.8333333,4,inverted_double_pendulum,cgp
688,2,1125.2792,0.81666666,4,inverted_double_pendulum,cgp
689,2,1032.5515,0.8333333,4,inverted_double_pendulum,cgp
689,2,1125.2792,0.81666666,4,inverted_double_pendulum,cgp
690,2,1032.5515,0.8333333,4,inverted_double_pendulum,cgp
690,2,1125.2792,0.81666666,4,inverted_double_pendulum,cgp
691,2,1032.5515,0.8333333,4,inverted_double_pendulum,cgp
691,2,1125.2792,0.81666666,4,inverted_double_pendulum,cgp
692,2,1032.5515,0.8333333,4,inverted_double_pendulum,cgp
692,2,1125.2792,0.81666666,4,inverted_double_pendulum,cgp
693,2,1032.5515,0.8333333,4,inverted_double_pendulum,cgp
693,2,1125.2792,0.81666666,4,inverted_double_pendulum,cgp
694,2,1032.5515,0.8333333,4,inverted_double_pendulum,cgp
694,2,1125.2792,0.81666666,4,inverted_double_pendulum,cgp
695,2,1032.5515,0.8333333,4,inverted_double_pendulum,cgp
695,2,1125.2792,0.81666666,4,inverted_double_pendulum,cgp
696,2,1032.5515,0.8333333,4,inverted_double_pendulum,cgp
696,2,1125.2792,0.81666666,4,inverted_double_pendulum,cgp
697,2,1032.5515,0.8333333,4,inverted_double_pendulum,cgp
697,2,1125.2792,0.81666666,4,inverted_double_pendulum,cgp
698,2,1032.5515,0.8333333,4,inverted_double_pendulum,cgp
698,2,1125.2792,0.81666666,4,inverted_double_pendulum,cgp
699,2,1032.5515,0.8333333,4,inverted_double_pendulum,cgp
699,2,1125.2792,0.81666666,4,inverted_double_pendulum,cgp
700,2,1032.5515,0.8333333,4,inverted_double_pendulum,cgp
700,2,1125.2792,0.81666666,4,inverted_double_pendulum,cgp
701,2,1032.5515,0.8333333,4,inverted_double_pendulum,cgp
701,2,1125.2792,0.81666666,4,inverted_double_pendulum,cgp
702,2,1032.5515,0.8333333,4,inverted_double_pendulum,cgp
702,2,1125.2792,0.81666666,4,inverted_double_pendulum,cgp
703,2,1032.5515,0.8333333,4,inverted_double_pendulum,cgp
703,2,1125.2792,0.81666666,4,inverted_double_pendulum,cgp
704,2,1032.5515,0.8333333,4,inverted_double_pendulum,cgp
704,2,1125.2792,0.81666666,4,inverted_double_pendulum,cgp
705,2,1032.5515,0.8333333,4,inverted_double_pendulum,cgp
705,2,1125.2792,0.81666666,4,inverted_double_pendulum,cgp
706,2,1032.5515,0.8333333,4,inverted_double_pendulum,cgp
706,2,1125.2792,0.81666666,4,inverted_double_pendulum,cgp
707,2,1032.5515,0.8333333,4,inverted_double_pendulum,cgp
707,2,1125.2792,0.81666666,4,inverted_double_pendulum,cgp
708,2,1032.5515,0.8333333,4,inverted_double_pendulum,cgp
708,2,1125.2792,0.81666666,4,inverted_double_pendulum,cgp
709,2,1032.5515,0.8333333,4,inverted_double_pendulum,cgp
709,2,1125.2792,0.81666666,4,inverted_double_pendulum,cgp
710,2,1032.5515,0.8333333,4,inverted_double_pendulum,cgp
710,2,1125.2792,0.81666666,4,inverted_double_pendulum,cgp
711,2,1032.5515,0.8333333,4,inverted_double_pendulum,cgp
711,2,1125.2792,0.81666666,4,inverted_double_pendulum,cgp
712,2,1032.5515,0.8333333,4,inverted_double_pendulum,cgp
712,2,1125.2792,0.81666666,4,inverted_double_pendulum,cgp
713,2,1032.5515,0.8333333,4,inverted_double_pendulum,cgp
713,2,1125.2792,0.81666666,4,inverted_double_pendulum,cgp
714,2,1032.5515,0.8333333,4,inverted_double_pendulum,cgp
714,2,1125.2792,0.81666666,4,inverted_double_pendulum,cgp
715,2,1032.5515,0.8333333,4,inverted_double_pendulum,cgp
715,2,1125.2792,0.81666666,4,inverted_double_pendulum,cgp
716,2,1032.5515,0.8333333,4,inverted_double_pendulum,cgp
716,2,1125.2792,0.81666666,4,inverted_double_pendulum,cgp
717,2,1032.5515,0.8333333,4,inverted_double_pendulum,cgp
717,2,1125.2792,0.81666666,4,inverted_double_pendulum,cgp
718,2,1032.5515,0.8333333,4,inverted_double_pendulum,cgp
718,2,1125.2792,0.81666666,4,inverted_double_pendulum,cgp
719,2,1032.5515,0.8333333,4,inverted_double_pendulum,cgp
719,2,1125.2792,0.81666666,4,inverted_double_pendulum,cgp
720,2,1032.5515,0.8333333,4,inverted_double_pendulum,cgp
720,2,1125.2792,0.81666666,4,inverted_double_pendulum,cgp
721,2,1032.5515,0.8333333,4,inverted_double_pendulum,cgp
721,2,1125.2792,0.81666666,4,inverted_double_pendulum,cgp
722,2,1032.5515,0.8333333,4,inverted_double_pendulum,cgp
722,2,1125.2792,0.81666666,4,inverted_double_pendulum,cgp
723,2,1032.5515,0.8333333,4,inverted_double_pendulum,cgp
723,2,1125.2792,0.81666666,4,inverted_double_pendulum,cgp
724,2,1032.5515,0.8333333,4,inverted_double_pendulum,cgp
724,2,1125.2792,0.81666666,4,inverted_double_pendulum,cgp
725,2,1032.5515,0.8333333,4,inverted_double_pendulum,cgp
725,2,1125.2792,0.81666666,4,inverted_double_pendulum,cgp
726,2,1032.5515,0.8333333,4,inverted_double_pendulum,cgp
726,2,1125.2792,0.81666666,4,inverted_double_pendulum,cgp
727,2,1032.5515,0.8333333,4,inverted_double_pendulum,cgp
727,2,1125.2792,0.81666666,4,inverted_double_pendulum,cgp
728,2,1032.5515,0.8333333,4,inverted_double_pendulum,cgp
728,2,1125.2792,0.81666666,4,inverted_double_pendulum,cgp
729,2,1032.5515,0.8333333,4,inverted_double_pendulum,cgp
729,2,1125.2792,0.81666666,4,inverted_double_pendulum,cgp
730,2,1032.5515,0.8333333,4,inverted_double_pendulum,cgp
730,2,1125.2792,0.81666666,4,inverted_double_pendulum,cgp
731,2,1032.5515,0.8333333,4,inverted_double_pendulum,cgp
731,2,1125.2792,0.81666666,4,inverted_double_pendulum,cgp
732,2,1032.5515,0.8333333,4,inverted_double_pendulum,cgp
732,2,1125.2792,0.81666666,4,inverted_double_pendulum,cgp
733,2,1032.5515,0.8333333,4,inverted_double_pendulum,cgp
733,2,1125.2792,0.81666666,4,inverted_double_pendulum,cgp
734,2,1032.5515,0.8333333,4,inverted_double_pendulum,cgp
734,2,1125.2792,0.81666666,4,inverted_double_pendulum,cgp
735,2,1032.5515,0.8333333,4,inverted_double_pendulum,cgp
735,2,1125.2792,0.81666666,4,inverted_double_pendulum,cgp
736,2,1032.5515,0.8333333,4,inverted_double_pendulum,cgp
736,2,1125.2792,0.81666666,4,inverted_double_pendulum,cgp
737,2,1032.5515,0.8333333,4,inverted_double_pendulum,cgp
737,2,1125.2792,0.81666666,4,inverted_double_pendulum,cgp
738,2,1032.5515,0.8333333,4,inverted_double_pendulum,cgp
738,2,1125.2792,0.81666666,4,inverted_double_pendulum,cgp
739,2,1032.5515,0.8333333,4,inverted_double_pendulum,cgp
739,2,1125.2792,0.81666666,4,inverted_double_pendulum,cgp
740,2,1032.5515,0.8333333,4,inverted_double_pendulum,cgp
740,2,1125.2792,0.81666666,4,inverted_double_pendulum,cgp
741,2,1032.5515,0.8333333,4,inverted_double_pendulum,cgp
741,2,1125.2792,0.81666666,4,inverted_double_pendulum,cgp
742,2,1032.5515,0.8333333,4,inverted_double_pendulum,cgp
742,2,1125.2792,0.81666666,4,inverted_double_pendulum,cgp
743,2,1032.5515,0.8333333,4,inverted_double_pendulum,cgp
743,2,1125.2792,0.81666666,4,inverted_double_pendulum,cgp
744,2,1032.5515,0.8333333,4,inverted_double_pendulum,cgp
744,2,1125.2792,0.81666666,4,inverted_double_pendulum,cgp
745,2,1032.5515,0.8333333,4,inverted_double_pendulum,cgp
745,2,1125.2792,0.81666666,4,inverted_double_pendulum,cgp
746,2,1032.5515,0.8333333,4,inverted_double_pendulum,cgp
746,2,1125.2792,0.81666666,4,inverted_double_pendulum,cgp
747,2,1032.5515,0.8333333,4,inverted_double_pendulum,cgp
747,2,1125.2792,0.81666666,4,inverted_double_pendulum,cgp
748,2,1032.5515,0.8333333,4,inverted_double_pendulum,cgp
748,2,1125.2792,0.81666666,4,inverted_double_pendulum,cgp
749,2,1032.5515,0.8333333,4,inverted_double_pendulum,cgp
749,2,1125.2792,0.81666666,4,inverted_double_pendulum,cgp
750,2,1032.5515,0.8333333,4,inverted_double_pendulum,cgp
750,2,1125.2792,0.81666666,4,inverted_double_pendulum,cgp
751,2,1032.5515,0.8333333,4,inverted_double_pendulum,cgp
751,2,1125.2792,0.81666666,4,inverted_double_pendulum,cgp
752,2,1032.5515,0.8333333,4,inverted_double_pendulum,cgp
752,2,1125.2792,0.81666666,4,inverted_double_pendulum,cgp
753,2,1032.5515,0.8333333,4,inverted_double_pendulum,cgp
753,2,1125.2792,0.81666666,4,inverted_double_pendulum,cgp
754,2,1032.5515,0.8333333,4,inverted_double_pendulum,cgp
754,2,1125.2792,0.81666666,4,inverted_double_pendulum,cgp
755,2,1032.5515,0.8333333,4,inverted_double_pendulum,cgp
755,2,1125.2792,0.81666666,4,inverted_double_pendulum,cgp
756,2,1032.5515,0.8333333,4,inverted_double_pendulum,cgp
756,2,1125.2792,0.81666666,4,inverted_double_pendulum,cgp
757,2,1032.5515,0.8333333,4,inverted_double_pendulum,cgp
757,2,1125.2792,0.81666666,4,inverted_double_pendulum,cgp
758,2,1032.5515,0.8333333,4,inverted_double_pendulum,cgp
758,2,1125.2792,0.81666666,4,inverted_double_pendulum,cgp
759,2,1032.5515,0.8333333,4,inverted_double_pendulum,cgp
759,2,1125.2792,0.81666666,4,inverted_double_pendulum,cgp
760,2,1032.5515,0.8333333,4,inverted_double_pendulum,cgp
760,2,1125.2792,0.81666666,4,inverted_double_pendulum,cgp
761,2,1032.5515,0.8333333,4,inverted_double_pendulum,cgp
761,2,1125.2792,0.81666666,4,inverted_double_pendulum,cgp
762,2,1032.5515,0.8333333,4,inverted_double_pendulum,cgp
762,2,1125.2792,0.81666666,4,inverted_double_pendulum,cgp
763,2,1032.5515,0.8333333,4,inverted_double_pendulum,cgp
763,2,1125.2792,0.81666666,4,inverted_double_pendulum,cgp
764,2,1032.5515,0.8333333,4,inverted_double_pendulum,cgp
764,2,1125.2792,0.81666666,4,inverted_double_pendulum,cgp
765,2,1032.5515,0.8333333,4,inverted_double_pendulum,cgp
765,2,1125.2792,0.81666666,4,inverted_double_pendulum,cgp
766,2,1032.5515,0.8333333,4,inverted_double_pendulum,cgp
766,2,1125.2792,0.81666666,4,inverted_double_pendulum,cgp
767,2,1032.5515,0.8333333,4,inverted_double_pendulum,cgp
767,2,1125.2792,0.81666666,4,inverted_double_pendulum,cgp
768,2,1032.5515,0.8333333,4,inverted_double_pendulum,cgp
768,2,1125.2792,0.81666666,4,inverted_double_pendulum,cgp
769,2,1032.5515,0.8333333,4,inverted_double_pendulum,cgp
769,2,1125.2792,0.81666666,4,inverted_double_pendulum,cgp
770,2,1032.5515,0.8333333,4,inverted_double_pendulum,cgp
770,2,1125.2792,0.81666666,4,inverted_double_pendulum,cgp
771,2,1032.5515,0.8333333,4,inverted_double_pendulum,cgp
771,2,1125.2792,0.81666666,4,inverted_double_pendulum,cgp
772,2,1032.5515,0.8333333,4,inverted_double_pendulum,cgp
772,2,1125.2792,0.81666666,4,inverted_double_pendulum,cgp
773,2,1032.5515,0.8333333,4,inverted_double_pendulum,cgp
773,2,1125.2792,0.81666666,4,inverted_double_pendulum,cgp
774,2,1032.5515,0.8333333,4,inverted_double_pendulum,cgp
774,2,1125.2792,0.81666666,4,inverted_double_pendulum,cgp
775,2,1032.5515,0.8333333,4,inverted_double_pendulum,cgp
775,2,1125.2792,0.81666666,4,inverted_double_pendulum,cgp
776,2,1032.5515,0.8333333,4,inverted_double_pendulum,cgp
776,2,1125.2792,0.81666666,4,inverted_double_pendulum,cgp
777,2,1032.5515,0.8333333,4,inverted_double_pendulum,cgp
777,2,1125.2792,0.81666666,4,inverted_double_pendulum,cgp
778,2,1032.5515,0.8333333,4,inverted_double_pendulum,cgp
778,2,1125.2792,0.81666666,4,inverted_double_pendulum,cgp
779,2,1032.5515,0.8333333,4,inverted_double_pendulum,cgp
779,2,1125.2792,0.81666666,4,inverted_double_pendulum,cgp
780,2,1032.5515,0.8333333,4,inverted_double_pendulum,cgp
780,2,1125.2792,0.81666666,4,inverted_double_pendulum,cgp
781,2,1032.5515,0.8333333,4,inverted_double_pendulum,cgp
781,2,1125.2792,0.81666666,4,inverted_double_pendulum,cgp
782,2,1032.5515,0.8333333,4,inverted_double_pendulum,cgp
782,2,1125.2792,0.81666666,4,inverted_double_pendulum,cgp
783,2,1032.5515,0.8333333,4,inverted_double_pendulum,cgp
783,2,1125.2792,0.81666666,4,inverted_double_pendulum,cgp
784,2,1032.5515,0.8333333,4,inverted_double_pendulum,cgp
784,2,1125.2792,0.81666666,4,inverted_double_pendulum,cgp
785,2,1032.5515,0.8333333,4,inverted_double_pendulum,cgp
785,2,1125.2792,0.81666666,4,inverted_double_pendulum,cgp
786,2,1032.5515,0.8333333,4,inverted_double_pendulum,cgp
786,2,1125.2792,0.81666666,4,inverted_double_pendulum,cgp
787,2,1032.5515,0.8333333,4,inverted_double_pendulum,cgp
787,2,1125.2792,0.81666666,4,inverted_double_pendulum,cgp
788,2,1032.5515,0.8333333,4,inverted_double_pendulum,cgp
788,2,1125.2792,0.81666666,4,inverted_double_pendulum,cgp
789,2,1032.5515,0.8333333,4,inverted_double_pendulum,cgp
789,2,1125.2792,0.81666666,4,inverted_double_pendulum,cgp
790,2,1032.5515,0.8333333,4,inverted_double_pendulum,cgp
790,2,1125.2792,0.81666666,4,inverted_double_pendulum,cgp
791,2,1032.5515,0.8333333,4,inverted_double_pendulum,cgp
791,2,1125.2792,0.81666666,4,inverted_double_pendulum,cgp
792,2,1032.5515,0.8333333,4,inverted_double_pendulum,cgp
792,2,1125.2792,0.81666666,4,inverted_double_pendulum,cgp
793,2,1032.5515,0.8333333,4,inverted_double_pendulum,cgp
793,2,1125.2792,0.81666666,4,inverted_double_pendulum,cgp
794,2,1032.5515,0.8333333,4,inverted_double_pendulum,cgp
794,2,1125.2792,0.81666666,4,inverted_double_pendulum,cgp
795,2,1032.5515,0.8333333,4,inverted_double_pendulum,cgp
795,2,1125.2792,0.81666666,4,inverted_double_pendulum,cgp
796,2,1032.5515,0.8333333,4,inverted_double_pendulum,cgp
796,2,1125.2792,0.81666666,4,inverted_double_pendulum,cgp
797,2,1032.5515,0.8333333,4,inverted_double_pendulum,cgp
797,2,1125.2792,0.81666666,4,inverted_double_pendulum,cgp
798,2,1032.5515,0.8333333,4,inverted_double_pendulum,cgp
798,2,1125.2792,0.81666666,4,inverted_double_pendulum,cgp
799,2,1032.5515,0.8333333,4,inverted_double_pendulum,cgp
799,2,1125.2792,0.81666666,4,inverted_double_pendulum,cgp
800,2,1032.5515,0.8333333,4,inverted_double_pendulum,cgp
800,2,1125.2792,0.81666666,4,inverted_double_pendulum,cgp
801,2,1032.5515,0.8333333,4,inverted_double_pendulum,cgp
801,2,1125.2792,0.81666666,4,inverted_double_pendulum,cgp
802,2,1032.5515,0.8333333,4,inverted_double_pendulum,cgp
802,2,1125.2792,0.81666666,4,inverted_double_pendulum,cgp
803,2,1032.5515,0.8333333,4,inverted_double_pendulum,cgp
803,2,1125.2792,0.81666666,4,inverted_double_pendulum,cgp
804,2,1032.5515,0.8333333,4,inverted_double_pendulum,cgp
804,2,1125.2792,0.81666666,4,inverted_double_pendulum,cgp
805,2,1032.5515,0.8333333,4,inverted_double_pendulum,cgp
805,2,1125.2792,0.81666666,4,inverted_double_pendulum,cgp
806,2,1032.5515,0.8333333,4,inverted_double_pendulum,cgp
806,2,1125.2792,0.81666666,4,inverted_double_pendulum,cgp
807,2,1032.5515,0.8333333,4,inverted_double_pendulum,cgp
807,2,1125.2792,0.81666666,4,inverted_double_pendulum,cgp
808,2,1032.5515,0.8333333,4,inverted_double_pendulum,cgp
808,2,1125.2792,0.81666666,4,inverted_double_pendulum,cgp
809,2,1032.5515,0.8333333,4,inverted_double_pendulum,cgp
809,2,1125.2792,0.81666666,4,inverted_double_pendulum,cgp
810,2,1032.5515,0.8333333,4,inverted_double_pendulum,cgp
810,2,1125.2792,0.81666666,4,inverted_double_pendulum,cgp
811,2,1032.5515,0.8333333,4,inverted_double_pendulum,cgp
811,2,1125.2792,0.81666666,4,inverted_double_pendulum,cgp
812,2,1032.5515,0.8333333,4,inverted_double_pendulum,cgp
812,2,1125.2792,0.81666666,4,inverted_double_pendulum,cgp
813,2,1032.5515,0.8333333,4,inverted_double_pendulum,cgp
813,2,1125.2792,0.81666666,4,inverted_double_pendulum,cgp
814,2,1032.5515,0.8333333,4,inverted_double_pendulum,cgp
814,2,1125.2792,0.81666666,4,inverted_double_pendulum,cgp
815,2,1032.5515,0.8333333,4,inverted_double_pendulum,cgp
815,2,1125.2792,0.81666666,4,inverted_double_pendulum,cgp
816,2,1032.5515,0.8333333,4,inverted_double_pendulum,cgp
816,2,1125.2792,0.81666666,4,inverted_double_pendulum,cgp
817,2,1032.5515,0.8333333,4,inverted_double_pendulum,cgp
817,2,1125.2792,0.81666666,4,inverted_double_pendulum,cgp
818,2,1032.5515,0.8333333,4,inverted_double_pendulum,cgp
818,2,1125.2792,0.81666666,4,inverted_double_pendulum,cgp
819,2,1032.5515,0.8333333,4,inverted_double_pendulum,cgp
819,2,1125.2792,0.81666666,4,inverted_double_pendulum,cgp
820,2,1032.5515,0.8333333,4,inverted_double_pendulum,cgp
820,2,1125.2792,0.81666666,4,inverted_double_pendulum,cgp
821,2,1032.5515,0.8333333,4,inverted_double_pendulum,cgp
821,2,1125.2792,0.81666666,4,inverted_double_pendulum,cgp
822,2,1032.5515,0.8333333,4,inverted_double_pendulum,cgp
822,2,1125.2792,0.81666666,4,inverted_double_pendulum,cgp
823,2,1032.5515,0.8333333,4,inverted_double_pendulum,cgp
823,2,1125.2792,0.81666666,4,inverted_double_pendulum,cgp
824,2,1032.5515,0.8333333,4,inverted_double_pendulum,cgp
824,2,1125.2792,0.81666666,4,inverted_double_pendulum,cgp
825,2,1032.5515,0.8333333,4,inverted_double_pendulum,cgp
825,2,1125.2792,0.81666666,4,inverted_double_pendulum,cgp
826,2,1032.5515,0.8333333,4,inverted_double_pendulum,cgp
826,2,1125.2792,0.81666666,4,inverted_double_pendulum,cgp
827,2,1032.5515,0.8333333,4,inverted_double_pendulum,cgp
827,2,1125.2792,0.81666666,4,inverted_double_pendulum,cgp
828,2,1032.5515,0.8333333,4,inverted_double_pendulum,cgp
828,2,1125.2792,0.81666666,4,inverted_double_pendulum,cgp
829,2,1032.5515,0.8333333,4,inverted_double_pendulum,cgp
829,2,1125.2792,0.81666666,4,inverted_double_pendulum,cgp
830,2,1032.5515,0.8333333,4,inverted_double_pendulum,cgp
830,2,1125.2792,0.81666666,4,inverted_double_pendulum,cgp
831,2,1032.5515,0.8333333,4,inverted_double_pendulum,cgp
831,2,1125.2792,0.81666666,4,inverted_double_pendulum,cgp
832,2,1032.5515,0.8333333,4,inverted_double_pendulum,cgp
832,2,1125.2792,0.81666666,4,inverted_double_pendulum,cgp
833,2,1032.5515,0.8333333,4,inverted_double_pendulum,cgp
833,2,1125.2792,0.81666666,4,inverted_double_pendulum,cgp
834,2,1032.5515,0.8333333,4,inverted_double_pendulum,cgp
834,2,1125.2792,0.81666666,4,inverted_double_pendulum,cgp
835,2,1032.5515,0.8333333,4,inverted_double_pendulum,cgp
835,2,1125.2792,0.81666666,4,inverted_double_pendulum,cgp
836,2,1032.5515,0.8333333,4,inverted_double_pendulum,cgp
836,2,1125.2792,0.81666666,4,inverted_double_pendulum,cgp
837,2,1032.5515,0.8333333,4,inverted_double_pendulum,cgp
837,2,1125.2792,0.81666666,4,inverted_double_pendulum,cgp
838,2,1032.5515,0.8333333,4,inverted_double_pendulum,cgp
838,2,1125.2792,0.81666666,4,inverted_double_pendulum,cgp
839,2,1032.5515,0.8333333,4,inverted_double_pendulum,cgp
839,2,1125.2792,0.81666666,4,inverted_double_pendulum,cgp
840,2,1032.5515,0.8333333,4,inverted_double_pendulum,cgp
840,2,1125.2792,0.81666666,4,inverted_double_pendulum,cgp
841,2,1032.5515,0.8333333,4,inverted_double_pendulum,cgp
841,2,1125.2792,0.81666666,4,inverted_double_pendulum,cgp
842,2,1032.5515,0.8333333,4,inverted_double_pendulum,cgp
842,2,1125.2792,0.81666666,4,inverted_double_pendulum,cgp
843,2,1032.5515,0.8333333,4,inverted_double_pendulum,cgp
843,2,1125.2792,0.81666666,4,inverted_double_pendulum,cgp
844,2,1032.5515,0.8333333,4,inverted_double_pendulum,cgp
844,2,1125.2792,0.81666666,4,inverted_double_pendulum,cgp
845,2,1032.5515,0.8333333,4,inverted_double_pendulum,cgp
845,2,1125.2792,0.81666666,4,inverted_double_pendulum,cgp
846,2,1032.5515,0.8333333,4,inverted_double_pendulum,cgp
846,2,1125.2792,0.81666666,4,inverted_double_pendulum,cgp
847,2,1032.5515,0.8333333,4,inverted_double_pendulum,cgp
847,2,1125.2792,0.81666666,4,inverted_double_pendulum,cgp
848,2,1032.5515,0.8333333,4,inverted_double_pendulum,cgp
848,2,1125.2792,0.81666666,4,inverted_double_pendulum,cgp
849,2,1032.5515,0.8333333,4,inverted_double_pendulum,cgp
849,2,1125.2792,0.81666666,4,inverted_double_pendulum,cgp
850,2,1032.5515,0.8333333,4,inverted_double_pendulum,cgp
850,2,1125.2792,0.81666666,4,inverted_double_pendulum,cgp
851,2,1032.5515,0.8333333,4,inverted_double_pendulum,cgp
851,2,1125.2792,0.81666666,4,inverted_double_pendulum,cgp
852,2,1032.5515,0.8333333,4,inverted_double_pendulum,cgp
852,2,1125.2792,0.81666666,4,inverted_double_pendulum,cgp
853,2,1032.5515,0.8333333,4,inverted_double_pendulum,cgp
853,2,1125.2792,0.81666666,4,inverted_double_pendulum,cgp
854,2,1032.5515,0.8333333,4,inverted_double_pendulum,cgp
854,2,1125.2792,0.81666666,4,inverted_double_pendulum,cgp
855,2,1032.5515,0.8333333,4,inverted_double_pendulum,cgp
855,2,1125.2792,0.81666666,4,inverted_double_pendulum,cgp
856,2,1032.5515,0.8333333,4,inverted_double_pendulum,cgp
856,2,1125.2792,0.81666666,4,inverted_double_pendulum,cgp
857,2,1032.5515,0.8333333,4,inverted_double_pendulum,cgp
857,2,1125.2792,0.81666666,4,inverted_double_pendulum,cgp
858,2,1032.5515,0.8333333,4,inverted_double_pendulum,cgp
858,2,1125.2792,0.81666666,4,inverted_double_pendulum,cgp
859,2,1032.5515,0.8333333,4,inverted_double_pendulum,cgp
859,2,1125.2792,0.81666666,4,inverted_double_pendulum,cgp
860,2,1032.5515,0.8333333,4,inverted_double_pendulum,cgp
860,2,1125.2792,0.81666666,4,inverted_double_pendulum,cgp
861,2,1032.5515,0.8333333,4,inverted_double_pendulum,cgp
861,2,1125.2792,0.81666666,4,inverted_double_pendulum,cgp
862,2,1032.5515,0.8333333,4,inverted_double_pendulum,cgp
862,2,1125.2792,0.81666666,4,inverted_double_pendulum,cgp
863,2,1032.5515,0.8333333,4,inverted_double_pendulum,cgp
863,2,1127.6891,0.81666666,4,inverted_double_pendulum,cgp
864,2,1032.5515,0.8333333,4,inverted_double_pendulum,cgp
864,2,1125.2792,0.81666666,4,inverted_double_pendulum,cgp
865,2,1032.5515,0.8333333,4,inverted_double_pendulum,cgp
865,2,1125.2792,0.81666666,4,inverted_double_pendulum,cgp
866,2,1032.5515,0.8333333,4,inverted_double_pendulum,cgp
866,2,1125.2792,0.81666666,4,inverted_double_pendulum,cgp
867,2,1032.5515,0.8333333,4,inverted_double_pendulum,cgp
867,2,1125.2792,0.81666666,4,inverted_double_pendulum,cgp
868,2,1032.5515,0.8333333,4,inverted_double_pendulum,cgp
868,2,1125.2792,0.81666666,4,inverted_double_pendulum,cgp
869,2,1032.5515,0.8333333,4,inverted_double_pendulum,cgp
869,2,1125.2792,0.81666666,4,inverted_double_pendulum,cgp
870,2,1032.5515,0.8333333,4,inverted_double_pendulum,cgp
870,2,1125.2792,0.81666666,4,inverted_double_pendulum,cgp
871,2,1032.5515,0.8333333,4,inverted_double_pendulum,cgp
871,2,1125.2792,0.81666666,4,inverted_double_pendulum,cgp
872,2,1032.5515,0.8333333,4,inverted_double_pendulum,cgp
872,2,1125.2792,0.81666666,4,inverted_double_pendulum,cgp
873,2,1032.5515,0.8333333,4,inverted_double_pendulum,cgp
873,2,1125.2792,0.81666666,4,inverted_double_pendulum,cgp
874,2,1032.5515,0.8333333,4,inverted_double_pendulum,cgp
874,2,1125.2792,0.81666666,4,inverted_double_pendulum,cgp
875,2,1032.5515,0.8333333,4,inverted_double_pendulum,cgp
875,2,1125.2792,0.81666666,4,inverted_double_pendulum,cgp
876,2,1032.5515,0.8333333,4,inverted_double_pendulum,cgp
876,2,1125.2792,0.81666666,4,inverted_double_pendulum,cgp
877,2,1032.5515,0.8333333,4,inverted_double_pendulum,cgp
877,2,1125.2792,0.81666666,4,inverted_double_pendulum,cgp
878,2,1032.5515,0.8333333,4,inverted_double_pendulum,cgp
878,2,1125.2792,0.81666666,4,inverted_double_pendulum,cgp
879,2,1032.5515,0.8333333,4,inverted_double_pendulum,cgp
879,2,1125.2792,0.81666666,4,inverted_double_pendulum,cgp
880,2,1032.5515,0.8333333,4,inverted_double_pendulum,cgp
880,2,1125.2792,0.81666666,4,inverted_double_pendulum,cgp
881,2,1032.5515,0.8333333,4,inverted_double_pendulum,cgp
881,2,1125.2792,0.81666666,4,inverted_double_pendulum,cgp
882,2,1032.5515,0.8333333,4,inverted_double_pendulum,cgp
882,2,1125.2792,0.81666666,4,inverted_double_pendulum,cgp
883,2,1032.5515,0.8333333,4,inverted_double_pendulum,cgp
883,2,1125.2792,0.81666666,4,inverted_double_pendulum,cgp
884,2,1032.5515,0.8333333,4,inverted_double_pendulum,cgp
884,2,1125.2792,0.81666666,4,inverted_double_pendulum,cgp
885,2,1032.5515,0.8333333,4,inverted_double_pendulum,cgp
885,2,1125.2792,0.81666666,4,inverted_double_pendulum,cgp
886,2,1032.5515,0.8333333,4,inverted_double_pendulum,cgp
886,2,1125.2792,0.81666666,4,inverted_double_pendulum,cgp
887,2,1032.5515,0.8333333,4,inverted_double_pendulum,cgp
887,2,1125.2792,0.81666666,4,inverted_double_pendulum,cgp
888,2,1032.5515,0.8333333,4,inverted_double_pendulum,cgp
888,2,1125.2792,0.81666666,4,inverted_double_pendulum,cgp
889,2,1032.5515,0.8333333,4,inverted_double_pendulum,cgp
889,2,1125.2792,0.81666666,4,inverted_double_pendulum,cgp
890,2,1032.5515,0.8333333,4,inverted_double_pendulum,cgp
890,2,1125.2792,0.81666666,4,inverted_double_pendulum,cgp
891,2,1032.5515,0.8333333,4,inverted_double_pendulum,cgp
891,2,1125.2792,0.81666666,4,inverted_double_pendulum,cgp
892,2,1032.5515,0.8333333,4,inverted_double_pendulum,cgp
892,2,1125.2792,0.81666666,4,inverted_double_pendulum,cgp
893,2,1032.5515,0.8333333,4,inverted_double_pendulum,cgp
893,2,1125.2792,0.81666666,4,inverted_double_pendulum,cgp
894,2,1032.5515,0.8333333,4,inverted_double_pendulum,cgp
894,2,1125.2792,0.81666666,4,inverted_double_pendulum,cgp
895,2,1032.5515,0.8333333,4,inverted_double_pendulum,cgp
895,2,1125.2792,0.81666666,4,inverted_double_pendulum,cgp
896,2,1032.5515,0.8333333,4,inverted_double_pendulum,cgp
896,2,1125.2792,0.81666666,4,inverted_double_pendulum,cgp
897,2,1032.5515,0.8333333,4,inverted_double_pendulum,cgp
897,2,1125.2792,0.81666666,4,inverted_double_pendulum,cgp
898,2,1032.5515,0.8333333,4,inverted_double_pendulum,cgp
898,2,1125.2792,0.81666666,4,inverted_double_pendulum,cgp
899,2,1032.5515,0.8333333,4,inverted_double_pendulum,cgp
899,2,1125.2792,0.81666666,4,inverted_double_pendulum,cgp
900,2,1032.5515,0.8333333,4,inverted_double_pendulum,cgp
900,2,1125.2792,0.81666666,4,inverted_double_pendulum,cgp
901,2,1032.5515,0.8333333,4,inverted_double_pendulum,cgp
901,2,1125.2792,0.81666666,4,inverted_double_pendulum,cgp
902,2,1032.5515,0.8333333,4,inverted_double_pendulum,cgp
902,2,1125.2792,0.81666666,4,inverted_double_pendulum,cgp
903,2,1032.5515,0.8333333,4,inverted_double_pendulum,cgp
903,2,1125.2792,0.81666666,4,inverted_double_pendulum,cgp
904,2,1032.5515,0.8333333,4,inverted_double_pendulum,cgp
904,2,1125.2792,0.81666666,4,inverted_double_pendulum,cgp
905,2,1032.5515,0.8333333,4,inverted_double_pendulum,cgp
905,2,1125.2792,0.81666666,4,inverted_double_pendulum,cgp
906,2,1032.5515,0.8333333,4,inverted_double_pendulum,cgp
906,2,1125.2792,0.81666666,4,inverted_double_pendulum,cgp
907,2,1032.5515,0.8333333,4,inverted_double_pendulum,cgp
907,2,1125.2792,0.81666666,4,inverted_double_pendulum,cgp
908,2,1032.5515,0.8333333,4,inverted_double_pendulum,cgp
908,2,1125.2792,0.81666666,4,inverted_double_pendulum,cgp
909,2,1032.5515,0.8333333,4,inverted_double_pendulum,cgp
909,2,1125.2792,0.81666666,4,inverted_double_pendulum,cgp
910,2,1032.5515,0.8333333,4,inverted_double_pendulum,cgp
910,2,1125.2792,0.81666666,4,inverted_double_pendulum,cgp
911,2,1032.5515,0.8333333,4,inverted_double_pendulum,cgp
911,2,1125.2792,0.81666666,4,inverted_double_pendulum,cgp
912,2,1032.5515,0.8333333,4,inverted_double_pendulum,cgp
912,2,1125.2792,0.81666666,4,inverted_double_pendulum,cgp
913,2,1032.5515,0.8333333,4,inverted_double_pendulum,cgp
913,2,1125.2792,0.81666666,4,inverted_double_pendulum,cgp
914,2,1032.5515,0.8333333,4,inverted_double_pendulum,cgp
914,2,1125.2792,0.81666666,4,inverted_double_pendulum,cgp
915,2,1032.5515,0.8333333,4,inverted_double_pendulum,cgp
915,2,1125.2792,0.81666666,4,inverted_double_pendulum,cgp
916,2,1032.5515,0.8333333,4,inverted_double_pendulum,cgp
916,2,1125.2792,0.81666666,4,inverted_double_pendulum,cgp
917,2,1032.5515,0.8333333,4,inverted_double_pendulum,cgp
917,2,1125.2792,0.81666666,4,inverted_double_pendulum,cgp
918,2,1032.5515,0.8333333,4,inverted_double_pendulum,cgp
918,2,1125.2792,0.81666666,4,inverted_double_pendulum,cgp
919,2,1032.5515,0.8333333,4,inverted_double_pendulum,cgp
919,2,1125.2792,0.81666666,4,inverted_double_pendulum,cgp
920,2,1032.5515,0.8333333,4,inverted_double_pendulum,cgp
920,2,1125.2792,0.81666666,4,inverted_double_pendulum,cgp
921,2,1032.5515,0.8333333,4,inverted_double_pendulum,cgp
921,2,1125.2792,0.81666666,4,inverted_double_pendulum,cgp
922,2,1032.5515,0.8333333,4,inverted_double_pendulum,cgp
922,2,1125.2792,0.81666666,4,inverted_double_pendulum,cgp
923,2,1032.5515,0.8333333,4,inverted_double_pendulum,cgp
923,2,1125.2792,0.81666666,4,inverted_double_pendulum,cgp
924,2,1032.5515,0.8333333,4,inverted_double_pendulum,cgp
924,2,1125.2792,0.81666666,4,inverted_double_pendulum,cgp
925,2,1032.5515,0.8333333,4,inverted_double_pendulum,cgp
925,2,1125.2792,0.81666666,4,inverted_double_pendulum,cgp
926,2,1032.5515,0.8333333,4,inverted_double_pendulum,cgp
926,2,1125.2792,0.81666666,4,inverted_double_pendulum,cgp
927,2,1032.5515,0.8333333,4,inverted_double_pendulum,cgp
927,2,1125.2792,0.81666666,4,inverted_double_pendulum,cgp
928,2,1032.5515,0.8333333,4,inverted_double_pendulum,cgp
928,2,1125.2792,0.81666666,4,inverted_double_pendulum,cgp
929,2,1032.5515,0.8333333,4,inverted_double_pendulum,cgp
929,2,1125.2792,0.81666666,4,inverted_double_pendulum,cgp
930,2,1032.5515,0.8333333,4,inverted_double_pendulum,cgp
930,2,1125.2792,0.81666666,4,inverted_double_pendulum,cgp
931,2,1032.5515,0.8333333,4,inverted_double_pendulum,cgp
931,2,1125.2792,0.81666666,4,inverted_double_pendulum,cgp
932,2,1032.5515,0.8333333,4,inverted_double_pendulum,cgp
932,2,1125.2792,0.81666666,4,inverted_double_pendulum,cgp
933,2,1032.5515,0.8333333,4,inverted_double_pendulum,cgp
933,2,1125.2792,0.81666666,4,inverted_double_pendulum,cgp
934,2,1032.5515,0.8333333,4,inverted_double_pendulum,cgp
934,2,1125.2792,0.81666666,4,inverted_double_pendulum,cgp
935,2,1032.5515,0.8333333,4,inverted_double_pendulum,cgp
935,2,1125.2792,0.81666666,4,inverted_double_pendulum,cgp
936,2,1032.5515,0.8333333,4,inverted_double_pendulum,cgp
936,2,1125.2792,0.81666666,4,inverted_double_pendulum,cgp
937,2,1032.5515,0.8333333,4,inverted_double_pendulum,cgp
937,2,1125.2792,0.81666666,4,inverted_double_pendulum,cgp
938,2,1032.5515,0.8333333,4,inverted_double_pendulum,cgp
938,2,1125.2792,0.81666666,4,inverted_double_pendulum,cgp
939,2,1032.5515,0.8333333,4,inverted_double_pendulum,cgp
939,2,1125.2792,0.81666666,4,inverted_double_pendulum,cgp
940,2,1032.5515,0.8333333,4,inverted_double_pendulum,cgp
940,2,1125.2792,0.81666666,4,inverted_double_pendulum,cgp
941,2,1032.5515,0.8333333,4,inverted_double_pendulum,cgp
941,2,1125.2792,0.81666666,4,inverted_double_pendulum,cgp
942,2,1032.5515,0.8333333,4,inverted_double_pendulum,cgp
942,2,1125.2792,0.81666666,4,inverted_double_pendulum,cgp
943,2,1032.5515,0.8333333,4,inverted_double_pendulum,cgp
943,2,1125.2792,0.81666666,4,inverted_double_pendulum,cgp
944,2,1032.5515,0.8333333,4,inverted_double_pendulum,cgp
944,2,1125.2792,0.81666666,4,inverted_double_pendulum,cgp
945,2,1032.5515,0.8333333,4,inverted_double_pendulum,cgp
945,2,1125.2792,0.81666666,4,inverted_double_pendulum,cgp
946,2,1032.5515,0.8333333,4,inverted_double_pendulum,cgp
946,2,1125.2792,0.81666666,4,inverted_double_pendulum,cgp
947,2,1032.5515,0.8333333,4,inverted_double_pendulum,cgp
947,2,1125.2792,0.81666666,4,inverted_double_pendulum,cgp
948,2,1032.5515,0.8333333,4,inverted_double_pendulum,cgp
948,2,1125.2792,0.81666666,4,inverted_double_pendulum,cgp
949,2,1032.5515,0.8333333,4,inverted_double_pendulum,cgp
949,2,1125.2792,0.81666666,4,inverted_double_pendulum,cgp
950,2,1032.5515,0.8333333,4,inverted_double_pendulum,cgp
950,2,1125.2792,0.81666666,4,inverted_double_pendulum,cgp
951,2,1032.5515,0.8333333,4,inverted_double_pendulum,cgp
951,2,1125.2792,0.81666666,4,inverted_double_pendulum,cgp
952,2,1032.5515,0.8333333,4,inverted_double_pendulum,cgp
952,2,1125.2792,0.81666666,4,inverted_double_pendulum,cgp
953,2,1032.5515,0.8333333,4,inverted_double_pendulum,cgp
953,2,1125.2792,0.81666666,4,inverted_double_pendulum,cgp
954,2,1032.5515,0.8333333,4,inverted_double_pendulum,cgp
954,2,1125.2792,0.81666666,4,inverted_double_pendulum,cgp
955,2,1032.5515,0.8333333,4,inverted_double_pendulum,cgp
955,2,1125.2792,0.81666666,4,inverted_double_pendulum,cgp
956,2,1032.5515,0.8333333,4,inverted_double_pendulum,cgp
956,2,1125.2792,0.81666666,4,inverted_double_pendulum,cgp
957,2,1032.5515,0.8333333,4,inverted_double_pendulum,cgp
957,2,1125.2792,0.81666666,4,inverted_double_pendulum,cgp
958,2,1032.5515,0.8333333,4,inverted_double_pendulum,cgp
958,2,1125.2792,0.81666666,4,inverted_double_pendulum,cgp
959,2,1032.5515,0.8333333,4,inverted_double_pendulum,cgp
959,2,1125.2792,0.81666666,4,inverted_double_pendulum,cgp
960,2,1032.5515,0.8333333,4,inverted_double_pendulum,cgp
960,2,1125.2792,0.81666666,4,inverted_double_pendulum,cgp
961,2,1032.5515,0.8333333,4,inverted_double_pendulum,cgp
961,2,1125.2792,0.81666666,4,inverted_double_pendulum,cgp
962,2,1032.5515,0.8333333,4,inverted_double_pendulum,cgp
962,2,1125.2792,0.81666666,4,inverted_double_pendulum,cgp
963,2,1032.5515,0.8333333,4,inverted_double_pendulum,cgp
963,2,1125.2792,0.81666666,4,inverted_double_pendulum,cgp
964,2,1032.5515,0.8333333,4,inverted_double_pendulum,cgp
964,2,1125.2792,0.81666666,4,inverted_double_pendulum,cgp
965,2,1032.5515,0.8333333,4,inverted_double_pendulum,cgp
965,2,1125.2792,0.81666666,4,inverted_double_pendulum,cgp
966,2,1032.5515,0.8333333,4,inverted_double_pendulum,cgp
966,2,1125.2792,0.81666666,4,inverted_double_pendulum,cgp
967,2,1032.5515,0.8333333,4,inverted_double_pendulum,cgp
967,2,1125.2792,0.81666666,4,inverted_double_pendulum,cgp
968,2,1032.5515,0.8333333,4,inverted_double_pendulum,cgp
968,2,1125.2792,0.81666666,4,inverted_double_pendulum,cgp
969,2,1032.5515,0.8333333,4,inverted_double_pendulum,cgp
969,2,1125.2792,0.81666666,4,inverted_double_pendulum,cgp
970,2,1032.5515,0.8333333,4,inverted_double_pendulum,cgp
970,2,1125.2792,0.81666666,4,inverted_double_pendulum,cgp
971,2,1032.5515,0.8333333,4,inverted_double_pendulum,cgp
971,2,1125.2792,0.81666666,4,inverted_double_pendulum,cgp
972,2,1032.5515,0.8333333,4,inverted_double_pendulum,cgp
972,2,1125.2792,0.81666666,4,inverted_double_pendulum,cgp
973,2,1032.5515,0.8333333,4,inverted_double_pendulum,cgp
973,2,1125.2792,0.81666666,4,inverted_double_pendulum,cgp
974,2,1032.5515,0.8333333,4,inverted_double_pendulum,cgp
974,2,1125.2792,0.81666666,4,inverted_double_pendulum,cgp
975,2,1032.5515,0.8333333,4,inverted_double_pendulum,cgp
975,2,1125.2792,0.81666666,4,inverted_double_pendulum,cgp
976,2,1032.5515,0.8333333,4,inverted_double_pendulum,cgp
976,2,1125.2792,0.81666666,4,inverted_double_pendulum,cgp
977,2,1032.5515,0.8333333,4,inverted_double_pendulum,cgp
977,2,1125.2792,0.81666666,4,inverted_double_pendulum,cgp
978,2,1032.5515,0.8333333,4,inverted_double_pendulum,cgp
978,2,1125.2792,0.81666666,4,inverted_double_pendulum,cgp
979,2,1032.5515,0.8333333,4,inverted_double_pendulum,cgp
979,2,1125.2792,0.81666666,4,inverted_double_pendulum,cgp
980,2,1032.5515,0.8333333,4,inverted_double_pendulum,cgp
980,2,1125.2792,0.81666666,4,inverted_double_pendulum,cgp
981,2,1032.5515,0.8333333,4,inverted_double_pendulum,cgp
981,2,1125.2792,0.81666666,4,inverted_double_pendulum,cgp
982,2,1032.5515,0.8333333,4,inverted_double_pendulum,cgp
982,2,1125.2792,0.81666666,4,inverted_double_pendulum,cgp
983,2,1032.5515,0.8333333,4,inverted_double_pendulum,cgp
983,2,1125.2792,0.81666666,4,inverted_double_pendulum,cgp
984,2,1032.5515,0.8333333,4,inverted_double_pendulum,cgp
984,2,1125.2792,0.81666666,4,inverted_double_pendulum,cgp
985,2,1032.5515,0.8333333,4,inverted_double_pendulum,cgp
985,2,1125.2792,0.81666666,4,inverted_double_pendulum,cgp
986,2,1032.5515,0.8333333,4,inverted_double_pendulum,cgp
986,2,1125.2792,0.81666666,4,inverted_double_pendulum,cgp
987,2,1032.5515,0.8333333,4,inverted_double_pendulum,cgp
987,2,1125.2792,0.81666666,4,inverted_double_pendulum,cgp
988,2,1032.5515,0.8333333,4,inverted_double_pendulum,cgp
988,2,1125.2792,0.81666666,4,inverted_double_pendulum,cgp
989,2,1032.5515,0.8333333,4,inverted_double_pendulum,cgp
989,2,1127.004,0.81666666,4,inverted_double_pendulum,cgp
990,2,1032.5515,0.8333333,4,inverted_double_pendulum,cgp
990,2,1125.2792,0.81666666,4,inverted_double_pendulum,cgp
991,2,1032.5515,0.8333333,4,inverted_double_pendulum,cgp
991,2,1125.2792,0.81666666,4,inverted_double_pendulum,cgp
992,2,1032.5515,0.8333333,4,inverted_double_pendulum,cgp
992,2,1125.2792,0.81666666,4,inverted_double_pendulum,cgp
993,2,1032.5515,0.8333333,4,inverted_double_pendulum,cgp
993,2,1125.2792,0.81666666,4,inverted_double_pendulum,cgp
994,2,1032.5515,0.8333333,4,inverted_double_pendulum,cgp
994,2,1125.2792,0.81666666,4,inverted_double_pendulum,cgp
995,2,1032.5515,0.8333333,4,inverted_double_pendulum,cgp
995,2,1125.2792,0.81666666,4,inverted_double_pendulum,cgp
996,2,1032.5515,0.8333333,4,inverted_double_pendulum,cgp
996,2,1125.2792,0.81666666,4,inverted_double_pendulum,cgp
997,2,1032.5515,0.8333333,4,inverted_double_pendulum,cgp
997,2,1125.2792,0.81666666,4,inverted_double_pendulum,cgp
998,2,1032.5515,0.8333333,4,inverted_double_pendulum,cgp
998,2,1125.2792,0.81666666,4,inverted_double_pendulum,cgp
999,2,1032.5515,0.8333333,4,inverted_double_pendulum,cgp
999,2,1125.2792,0.81666666,4,inverted_double_pendulum,cgp
